Order_ID,Customer_ID,Customer_Name,City,Category,Product,Sales,Profit,Quantity,Month,Profit_Margin,Sales_per_Unit,Order_Category,Customer_Total_Spending,Profit_Type,Year,Day,Weekday,Is_Weekend,Running_Sales,Running_Profit,Rolling_Sales_3,Expanding_Sales,Sales_Rank,Category_Running_Sales
1001,251,Priya,Bangalore,Clothing,T-shirt,1071,558.8926315789473,5,1,0.5218418595508378,214.2,Low,204364,Gain,2022,1,Saturday,True,1071,558.8926315789473,,1071.0,442.0,1071
1002,292,Ravi,Mumbai,Furniture,Chair,4131,558.0,2,1,0.13507625272331156,2065.5,High,230889,Gain,2022,2,Sunday,True,5202,1116.8926315789472,,2601.0,89.0,4131
1003,214,Neha,Delhi,Electronics,T-shirt,1620,278.0,3,1,0.17160493827160495,540.0,Medium,215210,Gain,2022,3,Monday,False,6822,1394.8926315789472,2274.0,2274.0,368.0,1620
1004,271,Arjun,Bangalore,Furniture,Chair,741,1099.0,4,1,1.4831309041835357,185.25,Low,260267,Gain,2022,4,Tuesday,False,7563,2493.892631578947,2164.0,1890.75,482.0,4872
1005,260,Sneha,Lucknow,Electronics,Table,4397,-7.0,7,1,-0.0015919945417329998,628.1428571428571,High,184606,Loss,2022,5,Wednesday,False,11960,2486.892631578947,2252.6666666666665,2392.0,56.5,6017
1006,220,Amit,Mumbai,Electronics,Chair,4595,1085.0,3,1,0.23612622415669204,1531.6666666666667,High,237606,Gain,2022,6,Thursday,False,16555,3571.892631578947,3244.3333333333335,2759.1666666666665,33.0,10612
1007,282,Arjun,Delhi,Furniture,Mobile,2779,992.0,9,1,0.35696293630802445,308.77777777777777,Medium,260267,Gain,2022,7,Friday,False,19334,4563.892631578947,3923.6666666666665,2762.0,235.0,7651
1008,286,Sneha,Pune,Electronics,Laptop,1288,1290.0,8,1,1.0015527950310559,161.0,Low,184606,Gain,2022,8,Saturday,True,20622,5853.892631578947,2887.3333333333335,2577.75,406.0,11900
1009,274,Priya,Bangalore,Electronics,Laptop,1214,160.0,4,1,0.13179571663920922,303.5,Low,204364,Gain,2022,9,Sunday,True,21836,6013.892631578947,1760.3333333333333,2426.222222222222,413.0,13114
1010,274,Arjun,Mumbai,Clothing,Table,3349,848.0,1,1,0.2532099134069872,3349.0,Medium,260267,Gain,2022,10,Monday,False,25185,6861.892631578947,1950.3333333333333,2518.5,158.0,4420
1011,287,Amit,Mumbai,Electronics,Mobile,1275,827.0,1,1,0.6486274509803922,1275.0,Low,237606,Gain,2022,11,Tuesday,False,26460,7688.892631578947,1946.0,2405.4545454545455,409.0,14389
1012,299,Sneha,Lucknow,Furniture,T-shirt,4526,799.0,1,1,0.1765355722492267,4526.0,High,184606,Gain,2022,12,Wednesday,False,30986,8487.892631578947,3050.0,2582.1666666666665,40.0,12177
1013,223,Sneha,Lucknow,Furniture,Mobile,2747,1392.0,1,1,0.5067346195850018,2747.0,Medium,184606,Gain,2022,13,Thursday,False,33733,9879.892631578947,2849.3333333333335,2594.846153846154,241.0,14924
1014,202,Sneha,Pune,Electronics,Laptop,578,1486.0,8,1,2.5709342560553634,72.25,Low,184606,Gain,2022,14,Friday,False,34311,11365.892631578947,2617.0,2450.785714285714,494.0,14967
1015,221,Priya,Pune,Clothing,Laptop,4426,1207.0,3,1,0.2727067329417081,1475.3333333333333,High,204364,Gain,2022,15,Saturday,True,38737,12572.892631578947,2583.6666666666665,2582.4666666666667,53.0,8846
1016,252,Arjun,Delhi,Clothing,Mobile,1355,1452.0,6,1,1.0715867158671586,225.83333333333334,Low,260267,Gain,2022,16,Sunday,True,40092,14024.892631578947,2119.6666666666665,2505.75,400.0,10201
1017,201,Priya,Delhi,Electronics,Mobile,2648,512.0,3,1,0.1933534743202417,882.6666666666666,Medium,204364,Gain,2022,17,Monday,False,42740,14536.892631578947,2809.6666666666665,2514.1176470588234,254.0,17615
1018,287,Ravi,Pune,Electronics,Laptop,1531,724.0,5,1,0.472893533638145,306.2,Medium,230889,Gain,2022,18,Tuesday,False,44271,15260.892631578947,1844.6666666666667,2459.5,378.0,19146
1019,229,Ravi,Pune,Furniture,T-shirt,3771,968.0,7,1,0.25669583664810397,538.7142857142857,High,230889,Gain,2022,19,Wednesday,False,48042,16228.892631578947,2650.0,2528.5263157894738,121.0,18695
1020,237,Arjun,Bangalore,Electronics,Table,4076,1428.0,2,1,0.35034347399411186,2038.0,High,260267,Gain,2022,20,Thursday,False,52118,17656.892631578947,3126.0,2605.9,94.0,23222
1021,201,Priya,Lucknow,Clothing,Table,4682,847.0,6,1,0.1809055958991884,780.3333333333334,High,204364,Gain,2022,21,Friday,False,56800,18503.892631578947,4176.333333333333,2704.7619047619046,28.0,14883
1022,263,Amit,Delhi,Electronics,Mobile,3956,558.0,6,1,0.141051567239636,659.3333333333334,High,237606,Gain,2022,22,Saturday,True,60756,19061.892631578947,4238.0,2761.6363636363635,106.0,27178
1023,259,Sneha,Lucknow,Furniture,Table,4006,476.0,3,1,0.11882176734897654,1335.3333333333333,High,184606,Gain,2022,23,Sunday,True,64762,19537.892631578947,4214.666666666667,2815.7391304347825,101.0,22701
1024,220,Sneha,Lucknow,Furniture,Laptop,907,-19.0,6,1,-0.020948180815876516,151.16666666666666,Low,184606,Loss,2022,24,Monday,False,65669,19518.892631578947,2956.3333333333335,2736.2083333333335,461.0,23608
1025,232,Arjun,Pune,Furniture,Laptop,3211,227.0,5,1,0.07069448769853628,642.2,Medium,260267,Gain,2022,25,Tuesday,False,68880,19745.892631578947,2708.0,2755.2,171.0,26819
1026,275,Ravi,Bangalore,Furniture,Mobile,3588,-21.0,2,1,-0.005852842809364548,1794.0,High,230889,Loss,2022,26,Wednesday,False,72468,19724.892631578947,2568.6666666666665,2787.230769230769,134.0,30407
1027,257,Ravi,Mumbai,Furniture,Mobile,2168,588.0,9,1,0.27121771217712176,240.88888888888889,Medium,230889,Gain,2022,27,Thursday,False,74636,20312.892631578947,2989.0,2764.296296296296,312.0,32575
1028,221,Sneha,Bangalore,Electronics,Mobile,647,531.0,8,1,0.8207109737248841,80.875,Low,184606,Gain,2022,28,Friday,False,75283,20843.892631578947,2134.3333333333335,2688.6785714285716,490.0,27825
1029,288,Arjun,Bangalore,Electronics,T-shirt,4827,824.0,3,1,0.17070644292521234,1609.0,High,260267,Gain,2022,29,Saturday,True,80110,21667.892631578947,2547.3333333333335,2762.4137931034484,12.0,32652
1030,248,Priya,Lucknow,Electronics,Table,4397,-158.0,8,1,-0.03593359108483057,549.625,High,204364,Loss,2022,30,Sunday,True,84507,21509.892631578947,3290.3333333333335,2816.9,56.5,37049
1031,290,Ravi,Bangalore,Electronics,Mobile,2450,954.0,9,1,0.3893877551020408,272.22222222222223,Medium,230889,Gain,2022,31,Monday,False,86957,22463.892631578947,3891.3333333333335,2805.064516129032,274.0,39499
1032,258,Priya,Delhi,Furniture,Chair,865,947.0,3,2,1.0947976878612717,288.3333333333333,Low,204364,Gain,2022,1,Tuesday,False,87822,23410.892631578947,2570.6666666666665,2744.4375,467.0,33440
1033,241,Ravi,Lucknow,Clothing,Chair,2174,558.8926315789473,3,2,0.2570803273132232,724.6666666666666,Medium,230889,Gain,2022,2,Wednesday,False,89996,23969.785263157893,1829.6666666666667,2727.151515151515,310.5,17057
1034,291,Ravi,Delhi,Electronics,Laptop,4994,-63.0,2,2,-0.01261513816579896,2497.0,High,230889,Loss,2022,3,Thursday,False,94990,23906.785263157893,2677.6666666666665,2793.823529411765,1.0,44493
1035,259,Neha,Mumbai,Clothing,Table,3046,558.8926315789473,8,2,0.18348412067595118,380.75,Medium,215210,Gain,2022,4,Friday,False,98036,24465.67789473684,3404.6666666666665,2801.0285714285715,195.0,20103
1036,279,Ravi,Lucknow,Electronics,Mobile,1062,-327.0,1,2,-0.307909604519774,1062.0,Low,230889,Loss,2022,5,Saturday,True,99098,24138.67789473684,3034.0,2752.722222222222,443.0,45555
1037,214,Amit,Mumbai,Electronics,Chair,4062,58.0,8,2,0.014278680452978828,507.75,High,237606,Gain,2022,6,Sunday,True,103160,24196.67789473684,2723.3333333333335,2788.108108108108,95.5,49617
1038,261,Arjun,Lucknow,Clothing,Table,2989,26.0,7,2,0.008698561391769822,427.0,Medium,260267,Gain,2022,7,Monday,False,106149,24222.67789473684,2704.3333333333335,2793.3947368421054,204.0,23092
1039,261,Arjun,Pune,Furniture,Laptop,1272,1396.0,7,2,1.0974842767295598,181.71428571428572,Low,260267,Gain,2022,8,Tuesday,False,107421,25618.67789473684,2774.3333333333335,2754.3846153846152,410.0,34712
1040,246,Priya,Bangalore,Electronics,T-shirt,2537,158.0,3,2,0.06227828143476547,845.6666666666666,Medium,204364,Gain,2022,9,Wednesday,False,109958,25776.67789473684,2266.0,2748.95,265.0,52154
1041,261,Ravi,Pune,Electronics,Table,3923,558.8926315789473,1,2,0.14246562110092972,3923.0,High,230889,Gain,2022,10,Thursday,False,113881,26335.570526315787,2577.3333333333335,2777.5853658536585,108.0,56077
1042,250,Amit,Mumbai,Electronics,Table,3067,319.0,4,2,0.10401043364851646,766.75,Medium,237606,Gain,2022,11,Friday,False,116948,26654.570526315787,3175.6666666666665,2784.4761904761904,190.0,59144
1043,254,Priya,Bangalore,Clothing,T-shirt,2073,104.0,9,2,0.05016883743367101,230.33333333333334,Medium,204364,Gain,2022,12,Saturday,True,119021,26758.570526315787,3021.0,2767.9302325581393,324.0,25165
1044,263,Neha,Lucknow,Furniture,Table,4194,-95.0,5,2,-0.022651406771578446,838.8,High,215210,Loss,2022,13,Sunday,True,123215,26663.570526315787,3111.3333333333335,2800.340909090909,79.0,38906
1045,202,Priya,Bangalore,Clothing,Laptop,3791,-269.0,1,2,-0.07095753099446056,3791.0,High,204364,Loss,2022,14,Monday,False,127006,26394.570526315787,3352.6666666666665,2822.3555555555554,119.5,28956
1046,250,Priya,Delhi,Clothing,Laptop,1746,32.0,5,2,0.018327605956471937,349.2,Medium,204364,Gain,2022,15,Tuesday,False,128752,26426.570526315787,3243.6666666666665,2798.9565217391305,354.0,30702
1047,206,Ravi,Bangalore,Furniture,T-shirt,4219,1342.0,8,2,0.3180848542308604,527.375,High,230889,Gain,2022,16,Wednesday,False,132971,27768.570526315787,3252.0,2829.1702127659573,74.0,43125
1048,220,Neha,Delhi,Clothing,Mobile,4339,1073.0,8,2,0.2472920027656142,542.375,High,215210,Gain,2022,17,Thursday,False,137310,28841.570526315787,3434.6666666666665,2860.625,63.0,35041
1049,272,Priya,Bangalore,Furniture,Chair,859,1311.0,5,2,1.5261932479627474,171.8,Low,204364,Gain,2022,18,Friday,False,138169,30152.570526315787,3139.0,2819.7755102040815,469.0,43984
1050,238,Amit,Delhi,Electronics,Mobile,2876,4.0,9,2,0.0013908205841446453,319.55555555555554,Medium,237606,Gain,2022,19,Saturday,True,141045,30156.570526315787,2691.3333333333335,2820.9,218.0,62020
1051,217,Amit,Mumbai,Furniture,Table,3509,1192.0,1,2,0.3396979196352237,3509.0,High,237606,Gain,2022,20,Sunday,True,144554,31348.570526315787,2414.6666666666665,2834.392156862745,142.0,47493
1052,203,Arjun,Pune,Electronics,Chair,3493,-322.0,4,2,-0.09218436873747494,873.25,Medium,260267,Loss,2022,21,Monday,False,148047,31026.570526315787,3292.6666666666665,2847.0576923076924,143.0,65513
1053,288,Neha,Lucknow,Clothing,T-shirt,1462,-369.0,3,2,-0.25239398084815323,487.3333333333333,Low,215210,Loss,2022,22,Tuesday,False,149509,30657.570526315787,2821.3333333333335,2820.9245283018868,385.0,36503
1054,259,Neha,Bangalore,Clothing,T-shirt,4132,1346.0,2,2,0.32575024201355274,2066.0,High,215210,Gain,2022,23,Wednesday,False,153641,32003.570526315787,3029.0,2845.203703703704,88.0,40635
1055,213,Arjun,Pune,Electronics,Chair,2327,978.0,8,2,0.42028362698753763,290.875,Medium,260267,Gain,2022,24,Thursday,False,155968,32981.57052631579,2640.3333333333335,2835.7818181818184,290.0,67840
1056,208,Priya,Lucknow,Clothing,Laptop,2113,-153.0,7,2,-0.07240889730241364,301.85714285714283,Medium,204364,Loss,2022,25,Friday,False,158081,32828.57052631579,2857.3333333333335,2822.875,320.0,42748
1057,289,Neha,Lucknow,Furniture,Chair,2140,39.0,9,2,0.01822429906542056,237.77777777777777,Medium,215210,Gain,2022,26,Saturday,True,160221,32867.57052631579,2193.3333333333335,2810.8947368421054,316.0,49633
1058,252,Amit,Delhi,Electronics,Table,2716,271.0,2,2,0.09977908689248896,1358.0,Medium,237606,Gain,2022,27,Sunday,True,162937,33138.57052631579,2323.0,2809.2586206896553,246.0,70556
1059,201,Amit,Mumbai,Clothing,Laptop,4812,929.0,4,2,0.1930590191188695,1203.0,High,237606,Gain,2022,28,Monday,False,167749,34067.57052631579,3222.6666666666665,2843.2033898305085,13.0,47560
1060,283,Ravi,Mumbai,Electronics,T-shirt,877,-425.0,6,3,-0.4846066134549601,146.16666666666666,Low,230889,Loss,2022,1,Tuesday,False,168626,33642.57052631579,2801.6666666666665,2810.4333333333334,464.0,71433
1061,291,Neha,Pune,Furniture,Chair,4714,1464.0,3,3,0.31056427662282565,1571.3333333333333,High,215210,Gain,2022,2,Wednesday,False,173340,35106.57052631579,3467.6666666666665,2841.6393442622953,26.0,54347
1062,259,Priya,Mumbai,Furniture,Mobile,4785,78.0,8,3,0.016300940438871474,598.125,High,204364,Gain,2022,3,Thursday,False,178125,35184.57052631579,3458.6666666666665,2872.983870967742,17.0,59132
1063,270,Arjun,Bangalore,Clothing,Mobile,869,353.0,3,3,0.4062140391254315,289.6666666666667,Low,260267,Gain,2022,4,Friday,False,178994,35537.57052631579,3456.0,2841.1746031746034,466.0,48429
1064,243,Arjun,Lucknow,Furniture,Table,2696,1015.0,2,3,0.37648367952522255,1348.0,Medium,260267,Gain,2022,5,Saturday,True,181690,36552.57052631579,2783.3333333333335,2838.90625,248.5,61828
1065,207,Priya,Pune,Electronics,Mobile,4247,-307.0,3,3,-0.07228631975512126,1415.6666666666667,High,204364,Loss,2022,6,Sunday,True,185937,36245.57052631579,2604.0,2860.5692307692307,70.0,75680
1066,246,Sneha,Mumbai,Furniture,Chair,1151,685.0,6,3,0.5951346655082537,191.83333333333334,Low,184606,Gain,2022,7,Monday,False,187088,36930.57052631579,2698.0,2834.6666666666665,426.0,62979
1067,234,Ravi,Bangalore,Electronics,Chair,1269,558.8926315789473,2,3,0.4404197254365227,634.5,Low,230889,Gain,2022,8,Tuesday,False,188357,37489.46315789474,2222.3333333333335,2811.2985074626868,411.0,76949
1068,277,Arjun,Delhi,Electronics,Mobile,2921,450.0,8,3,0.15405682985279015,365.125,Medium,260267,Gain,2022,9,Wednesday,False,191278,37939.46315789474,1780.3333333333333,2812.9117647058824,214.0,79870
1069,280,Neha,Pune,Furniture,Chair,1280,884.0,1,3,0.690625,1280.0,Low,215210,Gain,2022,10,Thursday,False,192558,38823.46315789474,1823.3333333333333,2790.695652173913,408.0,64259
1070,235,Ravi,Delhi,Clothing,Table,2216,1292.0,7,3,0.5830324909747292,316.57142857142856,Medium,230889,Gain,2022,11,Friday,False,194774,40115.46315789474,2139.0,2782.4857142857145,305.0,50645
1071,249,Neha,Delhi,Furniture,Laptop,4483,1107.0,2,3,0.2469328574615213,2241.5,High,215210,Gain,2022,12,Saturday,True,199257,41222.46315789474,2659.6666666666665,2806.43661971831,45.5,68742
1072,203,Amit,Delhi,Electronics,Table,1811,610.0,6,3,0.3368304803975704,301.8333333333333,Medium,237606,Gain,2022,13,Sunday,True,201068,41832.46315789474,2836.6666666666665,2792.6111111111113,348.0,81681
1073,201,Ravi,Lucknow,Electronics,Table,3859,1457.0,2,3,0.37755895309665716,1929.5,High,230889,Gain,2022,14,Monday,False,204927,43289.46315789474,3384.3333333333335,2807.219178082192,112.5,85540
1074,205,Arjun,Lucknow,Furniture,Chair,1022,785.0,2,3,0.7681017612524462,511.0,Low,260267,Gain,2022,15,Tuesday,False,205949,44074.46315789474,2230.6666666666665,2783.0945945945946,446.0,69764
1075,253,Ravi,Delhi,Clothing,Laptop,1021,-287.0,8,3,-0.2810969637610186,127.625,Low,230889,Loss,2022,16,Wednesday,False,206970,43787.46315789474,1967.3333333333333,2759.6,447.0,51666
1076,203,Ravi,Pune,Clothing,Chair,2820,1188.0,2,3,0.42127659574468085,1410.0,Medium,230889,Gain,2022,17,Thursday,False,209790,44975.46315789474,1621.0,2760.3947368421054,227.5,54486
1077,253,Ravi,Bangalore,Electronics,T-shirt,1435,1245.0,7,3,0.867595818815331,205.0,Low,230889,Gain,2022,18,Friday,False,211225,46220.46315789474,1758.6666666666667,2743.181818181818,388.5,86975
1078,292,Sneha,Bangalore,Electronics,Chair,2730,1436.0,3,3,0.526007326007326,910.0,Medium,184606,Gain,2022,19,Saturday,True,213955,47656.46315789474,2328.3333333333335,2743.0128205128203,244.0,89705
1079,262,Ravi,Mumbai,Clothing,Chair,4540,72.0,8,3,0.015859030837004406,567.5,High,230889,Gain,2022,20,Sunday,True,218495,47728.46315789474,2901.6666666666665,2765.759493670886,39.0,59026
1080,217,Neha,Pune,Furniture,Chair,4197,279.0,7,3,0.06647605432451752,599.5714285714286,High,215210,Gain,2022,21,Monday,False,222692,48007.46315789474,3822.3333333333335,2783.65,77.0,73961
1081,289,Amit,Lucknow,Electronics,Laptop,3337,-239.0,8,3,-0.07162121666167216,417.125,Medium,237606,Loss,2022,22,Tuesday,False,226029,47768.46315789474,4024.6666666666665,2790.4814814814813,160.0,93042
1082,243,Priya,Delhi,Electronics,Chair,4583,229.0,7,3,0.04996727034693432,654.7142857142857,High,204364,Gain,2022,23,Wednesday,False,230612,47997.46315789474,4039.0,2812.3414634146343,35.0,97625
1083,233,Ravi,Mumbai,Clothing,Laptop,2961,-218.0,6,3,-0.07362377575143532,493.5,Medium,230889,Loss,2022,24,Thursday,False,233573,47779.46315789474,3627.0,2814.132530120482,207.5,61987
1084,273,Arjun,Bangalore,Furniture,Mobile,3743,1171.0,7,3,0.31285065455516964,534.7142857142857,High,260267,Gain,2022,25,Friday,False,237316,48950.46315789474,3762.3333333333335,2825.190476190476,125.0,77704
1085,261,Ravi,Lucknow,Clothing,T-shirt,3859,990.0,5,3,0.2565431458927183,771.8,High,230889,Gain,2022,26,Saturday,True,241175,49940.46315789474,3521.0,2837.3529411764707,112.5,65846
1086,299,Arjun,Lucknow,Furniture,Laptop,1185,903.0,7,3,0.7620253164556962,169.28571428571428,Low,260267,Gain,2022,27,Sunday,True,242360,50843.46315789474,2929.0,2818.139534883721,419.5,78889
1087,213,Neha,Delhi,Furniture,Mobile,2660,-139.0,1,3,-0.05225563909774436,2660.0,Medium,215210,Loss,2022,28,Monday,False,245020,50704.46315789474,2568.0,2816.32183908046,252.0,81549
1088,294,Arjun,Bangalore,Furniture,Laptop,4488,972.0,1,3,0.21657754010695188,4488.0,High,260267,Gain,2022,29,Tuesday,False,249508,51676.46315789474,2777.6666666666665,2835.318181818182,43.0,86037
1089,247,Priya,Pune,Electronics,Laptop,4566,-60.0,9,3,-0.013140604467805518,507.3333333333333,High,204364,Loss,2022,30,Wednesday,False,254074,51616.46315789474,3904.6666666666665,2854.7640449438204,38.0,102191
1090,214,Amit,Lucknow,Clothing,T-shirt,2067,-408.0,5,3,-0.19738751814223512,413.4,Medium,237606,Loss,2022,31,Thursday,False,256141,51208.46315789474,3707.0,2846.011111111111,325.0,67913
1091,271,Arjun,Delhi,Clothing,Table,538,1144.0,5,4,2.12639405204461,107.6,Low,260267,Gain,2022,1,Friday,False,256679,52352.46315789474,2390.3333333333335,2820.6483516483518,498.0,68451
1092,277,Arjun,Pune,Furniture,Table,3044,252.0,3,4,0.08278580814717477,1014.6666666666666,Medium,260267,Gain,2022,2,Saturday,True,259723,52604.46315789474,1883.0,2823.0760869565215,196.0,89081
1093,286,Amit,Bangalore,Electronics,Laptop,1756,366.0,5,4,0.20842824601366744,351.2,Medium,237606,Gain,2022,3,Sunday,True,261479,52970.46315789474,1779.3333333333333,2811.6021505376343,353.0,103947
1094,261,Priya,Lucknow,Electronics,Chair,3490,947.0,3,4,0.27134670487106016,1163.3333333333333,Medium,204364,Gain,2022,4,Monday,False,264969,53917.46315789474,2763.3333333333335,2818.81914893617,145.0,107437
1095,239,Ravi,Pune,Clothing,Mobile,2696,-359.0,9,4,-0.13316023738872404,299.55555555555554,Medium,230889,Loss,2022,5,Tuesday,False,267665,53558.46315789474,2647.3333333333335,2817.5263157894738,248.5,71147
1096,284,Arjun,Pune,Electronics,Chair,3968,814.0,9,4,0.20514112903225806,440.8888888888889,High,260267,Gain,2022,6,Wednesday,False,271633,54372.46315789474,3384.6666666666665,2829.5104166666665,105.0,111405
1097,279,Amit,Pune,Electronics,Chair,3208,955.0,6,4,0.2976932668329177,534.6666666666666,Medium,237606,Gain,2022,7,Thursday,False,274841,55327.46315789474,3290.6666666666665,2833.4123711340208,172.0,114613
1098,281,Neha,Lucknow,Furniture,Laptop,801,248.0,1,4,0.3096129837702871,801.0,Low,215210,Gain,2022,8,Friday,False,275642,55575.46315789474,2659.0,2812.673469387755,472.0,89882
1099,252,Amit,Lucknow,Electronics,Laptop,1146,1375.0,7,4,1.199825479930192,163.71428571428572,Low,237606,Gain,2022,9,Saturday,True,276788,56950.46315789474,1718.3333333333333,2795.838383838384,427.0,115759
1100,223,Neha,Mumbai,Furniture,Laptop,2259,558.8926315789473,7,4,0.24740709675916217,322.7142857142857,Medium,215210,Gain,2022,10,Sunday,True,279047,57509.35578947369,1402.0,2790.47,297.0,92141
1101,225,Priya,Bangalore,Clothing,Laptop,4851,1212.0,4,4,0.24984539270253556,1212.75,High,204364,Gain,2022,11,Monday,False,283898,58721.35578947369,2752.0,2810.871287128713,10.0,75998
1102,288,Ravi,Delhi,Electronics,Table,1097,152.0,8,4,0.13855970829535097,137.125,Low,230889,Gain,2022,12,Tuesday,False,284995,58873.35578947369,2735.6666666666665,2794.0686274509803,434.5,116856
1103,259,Amit,Pune,Clothing,Laptop,1161,558.8926315789473,6,4,0.48138900222131553,193.5,Low,237606,Gain,2022,13,Wednesday,False,286156,59432.24842105264,2369.6666666666665,2778.21359223301,424.0,77159
1104,240,Sneha,Mumbai,Clothing,Table,4830,497.0,4,4,0.10289855072463767,1207.5,High,184606,Gain,2022,14,Thursday,False,290986,59929.24842105264,2362.6666666666665,2797.9423076923076,11.0,81989
1105,228,Arjun,Delhi,Electronics,Table,1868,-452.0,4,4,-0.24197002141327623,467.0,Medium,260267,Loss,2022,15,Friday,False,292854,59477.24842105264,2619.6666666666665,2789.0857142857144,344.0,118724
1106,214,Priya,Mumbai,Electronics,Laptop,3081,825.0,2,4,0.26777020447906524,1540.5,Medium,204364,Gain,2022,16,Saturday,True,295935,60302.24842105264,3259.6666666666665,2791.8396226415093,189.0,121805
1107,244,Amit,Lucknow,Clothing,T-shirt,4368,380.0,2,4,0.08699633699633699,2184.0,High,237606,Gain,2022,17,Sunday,True,300303,60682.24842105264,3105.6666666666665,2806.570093457944,60.0,86357
1108,264,Arjun,Pune,Electronics,Mobile,4037,713.0,4,4,0.17661629923210304,1009.25,High,260267,Gain,2022,18,Monday,False,304340,61395.24842105264,3828.6666666666665,2817.962962962963,99.0,125842
1109,288,Amit,Delhi,Furniture,Chair,4808,659.0,5,4,0.13706322795341097,961.6,High,237606,Gain,2022,19,Tuesday,False,309148,62054.24842105264,4404.333333333333,2836.2201834862385,14.0,96949
1110,270,Neha,Delhi,Furniture,Table,782,54.0,8,4,0.06905370843989769,97.75,Low,215210,Gain,2022,20,Wednesday,False,309930,62108.24842105264,3209.0,2817.5454545454545,474.5,97731
1111,208,Amit,Delhi,Electronics,Mobile,4178,-97.0,6,4,-0.02321685016754428,696.3333333333334,High,237606,Loss,2022,21,Thursday,False,314108,62011.24842105264,3256.0,2829.801801801802,81.0,130020
1112,287,Sneha,Delhi,Clothing,T-shirt,1986,391.0,4,4,0.19687814702920442,496.5,Medium,184606,Gain,2022,22,Friday,False,316094,62402.24842105264,2315.3333333333335,2822.2678571428573,331.0,88343
1113,200,Amit,Delhi,Electronics,Chair,4582,364.0,7,4,0.07944129201222173,654.5714285714286,High,237606,Gain,2022,23,Saturday,True,320676,62766.24842105264,3582.0,2837.8407079646017,36.0,134602
1114,207,Amit,Mumbai,Electronics,Chair,4683,101.0,8,4,0.021567371343156096,585.375,High,237606,Gain,2022,24,Sunday,True,325359,62867.24842105264,3750.3333333333335,2854.0263157894738,27.0,139285
1115,287,Sneha,Pune,Clothing,Table,960,1330.0,2,4,1.3854166666666667,480.0,Low,184606,Gain,2022,25,Monday,False,326319,64197.24842105264,3408.3333333333335,2837.5565217391304,454.0,89303
1116,262,Priya,Lucknow,Clothing,Laptop,2825,-160.0,7,4,-0.05663716814159292,403.57142857142856,Medium,204364,Loss,2022,26,Tuesday,False,329144,64037.24842105264,2822.6666666666665,2837.448275862069,225.0,92128
1117,210,Amit,Lucknow,Furniture,T-shirt,4254,1280.0,2,4,0.3008932769158439,2127.0,High,237606,Gain,2022,27,Wednesday,False,333398,65317.24842105264,2679.6666666666665,2849.5555555555557,68.0,101985
1118,280,Sneha,Lucknow,Clothing,Table,2968,1468.0,2,4,0.4946091644204852,1484.0,Medium,184606,Gain,2022,28,Thursday,False,336366,66785.24842105265,3349.0,2850.5593220338983,206.0,95096
1119,207,Arjun,Lucknow,Furniture,T-shirt,2224,203.0,8,4,0.09127697841726619,278.0,Medium,260267,Gain,2022,29,Friday,False,338590,66988.24842105265,3148.6666666666665,2845.294117647059,303.0,104209
1120,234,Neha,Mumbai,Clothing,Laptop,1876,-183.0,2,4,-0.09754797441364606,938.0,Medium,215210,Loss,2022,30,Saturday,True,340466,66805.24842105265,2356.0,2837.2166666666667,343.0,96972
1121,234,Neha,Bangalore,Electronics,Laptop,3243,117.0,9,5,0.036077705827937095,360.3333333333333,Medium,215210,Gain,2022,1,Sunday,True,343709,66922.24842105265,2447.6666666666665,2840.5702479338843,169.0,142528
1122,232,Amit,Pune,Furniture,Table,1014,886.0,1,5,0.873767258382643,1014.0,Low,237606,Gain,2022,2,Monday,False,344723,67808.24842105265,2044.3333333333333,2825.598360655738,448.5,105223
1123,204,Priya,Delhi,Furniture,Laptop,1202,1345.0,9,5,1.1189683860232944,133.55555555555554,Low,204364,Gain,2022,3,Tuesday,False,345925,69153.24842105265,1819.6666666666667,2812.39837398374,415.0,106425
1124,240,Priya,Bangalore,Furniture,Mobile,2153,-119.0,1,5,-0.055271713887598696,2153.0,Medium,204364,Loss,2022,4,Wednesday,False,348078,69034.24842105265,1456.3333333333333,2807.0806451612902,313.0,108578
1125,227,Arjun,Lucknow,Electronics,Chair,2566,-268.0,2,5,-0.1044427123928293,1283.0,Medium,260267,Loss,2022,5,Thursday,False,350644,68766.24842105265,1973.6666666666667,2805.152,263.5,145094
1126,206,Amit,Bangalore,Electronics,Table,522,1300.0,6,5,2.4904214559386975,87.0,Low,237606,Gain,2022,6,Friday,False,351166,70066.24842105265,1747.0,2787.031746031746,499.0,145616
1127,272,Neha,Pune,Electronics,T-shirt,2960,867.0,6,5,0.2929054054054054,493.3333333333333,Medium,215210,Gain,2022,7,Saturday,True,354126,70933.24842105265,2016.0,2788.3937007874015,209.0,148576
1128,271,Priya,Delhi,Electronics,Mobile,1804,1072.0,1,5,0.5942350332594235,1804.0,Medium,204364,Gain,2022,8,Sunday,True,355930,72005.24842105265,1762.0,2780.703125,349.0,150380
1129,211,Amit,Delhi,Electronics,Table,3800,316.0,7,5,0.08315789473684211,542.8571428571429,High,237606,Gain,2022,9,Monday,False,359730,72321.24842105265,2854.6666666666665,2788.6046511627906,117.0,154180
1130,233,Priya,Pune,Furniture,Laptop,861,52.0,8,5,0.06039488966318235,107.625,Low,204364,Gain,2022,10,Tuesday,False,360591,72373.24842105265,2155.0,2773.776923076923,468.0,109439
1131,232,Sneha,Pune,Electronics,Laptop,4227,1052.0,2,5,0.24887627158741424,2113.5,High,184606,Gain,2022,11,Wednesday,False,364818,73425.24842105265,2962.6666666666665,2784.8702290076335,72.0,158407
1132,247,Priya,Lucknow,Furniture,Laptop,1784,355.0,8,5,0.19899103139013452,223.0,Medium,204364,Gain,2022,12,Thursday,False,366602,73780.24842105265,2290.6666666666665,2777.287878787879,350.0,111223
1133,222,Neha,Delhi,Electronics,Laptop,1014,1312.0,9,5,1.2938856015779092,112.66666666666667,Low,215210,Gain,2022,13,Friday,False,367616,75092.24842105265,2341.6666666666665,2764.03007518797,448.5,159421
1134,261,Ravi,Bangalore,Clothing,T-shirt,948,318.0,6,5,0.33544303797468356,158.0,Low,230889,Gain,2022,14,Saturday,True,368564,75410.24842105265,1248.6666666666667,2750.4776119402986,456.0,97920
1135,287,Arjun,Mumbai,Furniture,Mobile,2355,1094.0,5,5,0.4645435244161359,471.0,Medium,260267,Gain,2022,15,Sunday,True,370919,76504.24842105265,1439.0,2747.5481481481484,286.0,113578
1136,236,Arjun,Mumbai,Clothing,Chair,4062,1458.0,9,5,0.35893648449039883,451.3333333333333,High,260267,Gain,2022,16,Monday,False,374981,77962.24842105265,2455.0,2757.2132352941176,95.5,101982
1137,298,Neha,Pune,Furniture,T-shirt,3020,558.8926315789473,9,5,0.18506378529104217,335.55555555555554,Medium,215210,Gain,2022,17,Tuesday,False,378001,78521.14105263159,3145.6666666666665,2759.131386861314,200.0,116598
1138,243,Priya,Lucknow,Clothing,T-shirt,3581,564.0,1,5,0.15749790561295726,3581.0,High,204364,Gain,2022,18,Wednesday,False,381582,79085.14105263159,3554.3333333333335,2765.086956521739,136.0,105563
1139,285,Amit,Mumbai,Electronics,Chair,1928,1074.0,3,5,0.5570539419087137,642.6666666666666,Medium,237606,Gain,2022,19,Thursday,False,383510,80159.14105263159,2843.0,2759.0647482014388,338.0,161349
1140,290,Priya,Delhi,Electronics,Chair,4467,-104.0,9,5,-0.023281844638459816,496.3333333333333,High,204364,Loss,2022,20,Friday,False,387977,80055.14105263159,3325.3333333333335,2771.2642857142855,48.0,165816
1141,234,Neha,Pune,Electronics,Laptop,1422,558.8926315789473,2,5,0.3930327929528462,711.0,Low,215210,Gain,2022,21,Saturday,True,389399,80614.03368421053,2605.6666666666665,2761.695035460993,393.0,167238
1142,264,Arjun,Bangalore,Furniture,T-shirt,3637,278.0,4,5,0.0764366235908716,909.25,High,260267,Gain,2022,22,Sunday,True,393036,80892.03368421053,3175.3333333333335,2767.8591549295775,132.5,120235
1143,298,Priya,Lucknow,Clothing,Table,2659,1017.0,4,5,0.3824746145167356,664.75,Medium,204364,Gain,2022,23,Monday,False,395695,81909.03368421053,2572.6666666666665,2767.097902097902,253.0,108222
1144,246,Arjun,Lucknow,Electronics,Chair,3047,1182.0,2,5,0.38792254676731214,1523.5,Medium,260267,Gain,2022,24,Tuesday,False,398742,83091.03368421053,3114.3333333333335,2769.0416666666665,194.0,170285
1145,277,Amit,Pune,Clothing,Chair,3479,406.0,3,5,0.11670020120724346,1159.6666666666667,Medium,237606,Gain,2022,25,Wednesday,False,402221,83497.03368421053,3061.6666666666665,2773.937931034483,147.0,111701
1146,202,Arjun,Pune,Clothing,Mobile,2781,856.0,3,5,0.30780294857964763,927.0,Medium,260267,Gain,2022,26,Thursday,False,405002,84353.03368421053,3102.3333333333335,2773.986301369863,234.0,114482
1147,200,Arjun,Pune,Electronics,Table,3149,-374.0,1,5,-0.11876786281359161,3149.0,Medium,260267,Loss,2022,27,Friday,False,408151,83979.03368421053,3136.3333333333335,2776.5374149659865,178.0,173434
1148,204,Ravi,Bangalore,Electronics,Table,813,1081.0,6,5,1.3296432964329643,135.5,Low,230889,Gain,2022,28,Saturday,True,408964,85060.03368421053,2247.6666666666665,2763.2702702702704,471.0,174247
1149,289,Ravi,Bangalore,Clothing,Chair,3113,1080.0,8,5,0.34693221972373917,389.125,Medium,230889,Gain,2022,29,Sunday,True,412077,86140.03368421053,2358.3333333333335,2765.6174496644294,182.0,117595
1150,213,Sneha,Pune,Electronics,Laptop,3583,-500.0,3,5,-0.13954786491766677,1194.3333333333333,High,184606,Loss,2022,30,Monday,False,415660,85640.03368421053,2503.0,2771.0666666666666,135.0,177830
1151,226,Ravi,Mumbai,Electronics,Mobile,2756,691.0,5,5,0.25072568940493467,551.2,Medium,230889,Gain,2022,31,Tuesday,False,418416,86331.03368421053,3150.6666666666665,2770.9668874172185,240.0,180586
1152,208,Arjun,Lucknow,Electronics,Table,1537,1143.0,1,6,0.7436564736499675,1537.0,Medium,260267,Gain,2022,1,Wednesday,False,419953,87474.03368421053,2625.3333333333335,2762.8486842105262,377.0,182123
1153,278,Neha,Lucknow,Furniture,Chair,3989,-482.0,7,6,-0.120832288794184,569.8571428571429,High,215210,Loss,2022,2,Thursday,False,423942,86992.03368421053,2760.6666666666665,2770.8627450980393,102.0,124224
1154,214,Arjun,Lucknow,Clothing,Table,3134,855.0,1,6,0.27281429483088704,3134.0,Medium,260267,Gain,2022,3,Friday,False,427076,87847.03368421053,2886.6666666666665,2773.220779220779,180.0,120729
1155,289,Neha,Bangalore,Clothing,Mobile,4483,83.0,9,6,0.018514387686816864,498.1111111111111,High,215210,Gain,2022,4,Saturday,True,431559,87930.03368421053,3868.6666666666665,2784.251612903226,45.5,125212
1156,241,Neha,Bangalore,Furniture,Mobile,2278,-45.0,8,6,-0.019754170324846356,284.75,Medium,215210,Loss,2022,5,Sunday,True,433837,87885.03368421053,3298.3333333333335,2781.00641025641,295.0,126502
1157,276,Ravi,Mumbai,Clothing,T-shirt,4395,456.0,7,6,0.1037542662116041,627.8571428571429,High,230889,Gain,2022,6,Monday,False,438232,88341.03368421053,3718.6666666666665,2791.2866242038217,58.0,129607
1158,250,Priya,Lucknow,Electronics,Chair,1624,632.0,7,6,0.3891625615763547,232.0,Medium,204364,Gain,2022,7,Tuesday,False,439856,88973.03368421053,2765.6666666666665,2783.8987341772154,367.0,183747
1159,262,Amit,Lucknow,Clothing,Mobile,1197,791.0,5,6,0.6608187134502924,239.4,Low,237606,Gain,2022,8,Wednesday,False,441053,89764.03368421053,2405.3333333333335,2773.9182389937105,416.0,130804
1160,295,Ravi,Pune,Electronics,T-shirt,2679,-56.0,5,6,-0.020903322135125045,535.8,Medium,230889,Loss,2022,9,Thursday,False,443732,89708.03368421053,1833.3333333333333,2773.325,250.0,186426
1161,251,Ravi,Bangalore,Furniture,T-shirt,1904,763.0,5,6,0.4007352941176471,380.8,Medium,230889,Gain,2022,10,Friday,False,445636,90471.03368421053,1926.6666666666667,2767.9254658385094,340.0,128406
1162,295,Priya,Lucknow,Electronics,Table,1543,558.8926315789473,1,6,0.362211686052461,1543.0,Medium,204364,Gain,2022,11,Saturday,True,447179,91029.92631578947,2042.0,2760.364197530864,376.0,187969
1163,203,Amit,Mumbai,Clothing,Table,2429,824.0,8,6,0.3392342527789214,303.625,Medium,237606,Gain,2022,12,Sunday,True,449608,91853.92631578947,1958.6666666666667,2758.3312883435583,278.0,133233
1164,293,Arjun,Mumbai,Clothing,T-shirt,1513,101.0,1,6,0.0667547918043622,1513.0,Medium,260267,Gain,2022,13,Monday,False,451121,91954.92631578947,1828.3333333333333,2750.737804878049,380.0,134746
1165,222,Sneha,Lucknow,Clothing,Table,726,-398.0,4,6,-0.5482093663911846,181.5,Low,184606,Loss,2022,14,Tuesday,False,451847,91556.92631578947,1556.0,2738.4666666666667,483.5,135472
1166,214,Sneha,Bangalore,Furniture,Mobile,2328,487.0,9,6,0.20919243986254296,258.6666666666667,Medium,184606,Gain,2022,15,Wednesday,False,454175,92043.92631578947,1522.3333333333333,2735.9939759036147,289.0,130734
1167,242,Arjun,Mumbai,Furniture,Laptop,2523,773.0,9,6,0.30638129211256443,280.3333333333333,Medium,260267,Gain,2022,16,Thursday,False,456698,92816.92631578947,1859.0,2734.7185628742513,266.0,133257
1168,228,Ravi,Pune,Clothing,Mobile,2952,976.0,5,6,0.33062330623306235,590.4,Medium,230889,Gain,2022,17,Friday,False,459650,93792.92631578947,2601.0,2736.0119047619046,211.0,138424
1169,235,Amit,Mumbai,Electronics,T-shirt,2585,19.0,4,6,0.007350096711798839,646.25,Medium,237606,Gain,2022,18,Saturday,True,462235,93811.92631578947,2686.6666666666665,2735.1183431952663,261.0,190554
1170,212,Ravi,Delhi,Furniture,T-shirt,4783,676.0,3,6,0.1413338908634748,1594.3333333333333,High,230889,Gain,2022,19,Sunday,True,467018,94487.92631578947,3440.0,2747.164705882353,18.5,138040
1171,231,Neha,Lucknow,Clothing,Mobile,1580,358.0,3,6,0.22658227848101264,526.6666666666666,Medium,215210,Gain,2022,20,Monday,False,468598,94845.92631578947,2982.6666666666665,2740.33918128655,373.0,140004
1172,270,Ravi,Bangalore,Clothing,Table,2820,-327.0,5,6,-0.11595744680851064,564.0,Medium,230889,Loss,2022,21,Tuesday,False,471418,94518.92631578947,3061.0,2740.8023255813955,227.5,142824
1173,258,Ravi,Lucknow,Furniture,Table,3690,866.0,1,6,0.23468834688346885,3690.0,High,230889,Gain,2022,22,Wednesday,False,475108,95384.92631578947,2696.6666666666665,2746.2890173410406,129.0,141730
1174,285,Arjun,Bangalore,Furniture,T-shirt,3130,1193.0,5,6,0.38115015974440897,626.0,Medium,260267,Gain,2022,23,Thursday,False,478238,96577.92631578947,3213.3333333333335,2748.4942528735633,181.0,144860
1175,227,Arjun,Bangalore,Furniture,Chair,3063,504.0,6,6,0.16454456415279137,510.5,Medium,260267,Gain,2022,24,Friday,False,481301,97081.92631578947,3294.3333333333335,2750.2914285714287,191.0,147923
1176,265,Arjun,Bangalore,Electronics,Table,3792,-70.0,7,6,-0.018459915611814346,541.7142857142857,High,260267,Loss,2022,25,Saturday,True,485093,97011.92631578947,3328.3333333333335,2756.2102272727275,118.0,194346
1177,241,Sneha,Bangalore,Electronics,Mobile,4086,226.0,9,6,0.05531081742535487,454.0,High,184606,Gain,2022,26,Sunday,True,489179,97237.92631578947,3647.0,2763.723163841808,93.0,198432
1178,244,Neha,Pune,Clothing,Table,4931,1212.0,3,6,0.2457919286148854,1643.6666666666667,High,215210,Gain,2022,27,Monday,False,494110,98449.92631578947,4269.666666666667,2775.8988764044943,5.0,147755
1179,261,Arjun,Pune,Furniture,Mobile,3447,1210.0,2,6,0.3510298810559907,1723.5,Medium,260267,Gain,2022,28,Tuesday,False,497557,99659.92631578947,4154.666666666667,2779.6480446927376,152.0,151370
1180,256,Amit,Mumbai,Electronics,T-shirt,4459,558.8926315789473,3,6,0.12534035245098615,1486.3333333333333,High,237606,Gain,2022,29,Wednesday,False,502016,100218.81894736842,4279.0,2788.9777777777776,49.5,202891
1181,205,Sneha,Delhi,Furniture,Table,3313,349.0,9,6,0.10534258979776638,368.1111111111111,Medium,184606,Gain,2022,30,Thursday,False,505329,100567.81894736842,3739.6666666666665,2791.8729281767955,162.0,154683
1182,227,Priya,Bangalore,Clothing,Mobile,3083,1181.0,7,7,0.3830684398313331,440.42857142857144,Medium,204364,Gain,2022,1,Friday,False,508412,101748.81894736842,3618.3333333333335,2793.4725274725274,188.0,150838
1183,227,Amit,Mumbai,Electronics,T-shirt,661,1485.0,9,7,2.2465960665658096,73.44444444444444,Low,237606,Gain,2022,2,Saturday,True,509073,103233.81894736842,2352.3333333333335,2781.8196721311474,488.0,203552
1184,243,Amit,Delhi,Electronics,Chair,1093,847.0,2,7,0.7749313815187557,546.5,Low,237606,Gain,2022,3,Sunday,True,510166,104080.81894736842,1612.3333333333333,2772.641304347826,437.0,204645
1185,283,Arjun,Lucknow,Electronics,Mobile,3759,489.0,5,7,0.1300877893056664,751.8,High,260267,Gain,2022,4,Monday,False,513925,104569.81894736842,1837.6666666666667,2777.972972972973,122.0,208404
1186,229,Priya,Pune,Clothing,Chair,4655,1196.0,4,7,0.2569280343716434,1163.75,High,204364,Gain,2022,5,Tuesday,False,518580,105765.81894736842,3169.0,2788.064516129032,30.0,155493
1187,261,Priya,Delhi,Furniture,Chair,3462,138.0,2,7,0.03986135181975736,1731.0,Medium,204364,Gain,2022,6,Wednesday,False,522042,105903.81894736842,3958.6666666666665,2791.668449197861,151.0,158145
1188,274,Sneha,Lucknow,Electronics,Laptop,4388,-81.0,9,7,-0.01845943482224248,487.55555555555554,High,184606,Loss,2022,7,Thursday,False,526430,105822.81894736842,4168.333333333333,2800.159574468085,59.0,212792
1189,291,Priya,Delhi,Clothing,Table,3890,93.0,9,7,0.02390745501285347,432.22222222222223,High,204364,Gain,2022,8,Friday,False,530320,105915.81894736842,3913.3333333333335,2805.925925925926,109.0,159383
1190,288,Neha,Pune,Furniture,Mobile,1163,-16.0,6,7,-0.013757523645743766,193.83333333333334,Low,215210,Loss,2022,9,Saturday,True,531483,105899.81894736842,3147.0,2797.278947368421,423.0,159308
1191,261,Arjun,Pune,Clothing,Chair,1632,1182.0,6,7,0.7242647058823529,272.0,Medium,260267,Gain,2022,10,Sunday,True,533115,107081.81894736842,2228.3333333333335,2791.1780104712043,365.0,161015
1192,296,Priya,Mumbai,Furniture,Laptop,1041,1274.0,8,7,1.223823246878002,130.125,Low,204364,Gain,2022,11,Monday,False,534156,108355.81894736842,1278.6666666666667,2782.0625,445.0,160349
1193,200,Sneha,Bangalore,Clothing,T-shirt,3474,-89.0,6,7,-0.0256188831318365,579.0,Medium,184606,Loss,2022,12,Tuesday,False,537630,108266.81894736842,2049.0,2785.647668393782,150.0,164489
1194,226,Neha,Delhi,Furniture,Mobile,1367,435.0,1,7,0.3182150694952451,1367.0,Low,215210,Gain,2022,13,Wednesday,False,538997,108701.81894736842,1960.6666666666667,2778.3350515463917,399.0,161716
1195,261,Ravi,Delhi,Electronics,Chair,2566,607.0,4,7,0.23655494933749024,641.5,Medium,230889,Gain,2022,14,Thursday,False,541563,109308.81894736842,2469.0,2777.246153846154,263.5,215358
1196,276,Ravi,Lucknow,Furniture,Table,931,636.0,7,7,0.6831364124597207,133.0,Low,230889,Gain,2022,15,Friday,False,542494,109944.81894736842,1621.3333333333333,2767.826530612245,458.0,162647
1197,202,Neha,Pune,Clothing,Laptop,4778,1260.0,2,7,0.26370866471326915,2389.0,High,215210,Gain,2022,16,Saturday,True,547272,111204.81894736842,2758.3333333333335,2778.0304568527918,20.0,169267
1198,269,Sneha,Delhi,Clothing,Chair,1706,-169.0,9,7,-0.09906213364595545,189.55555555555554,Medium,184606,Loss,2022,17,Sunday,True,548978,111035.81894736842,2471.6666666666665,2772.6161616161617,357.0,170973
1199,271,Neha,Lucknow,Furniture,Table,3028,901.0,8,7,0.297556142668428,378.5,Medium,215210,Gain,2022,18,Monday,False,552006,111936.81894736842,3170.6666666666665,2773.899497487437,198.0,165675
1200,226,Arjun,Delhi,Electronics,Chair,1669,1278.0,8,7,0.7657279808268425,208.625,Medium,260267,Gain,2022,19,Tuesday,False,553675,113214.81894736842,2134.3333333333335,2768.375,360.0,217027
1201,208,Arjun,Mumbai,Electronics,Mobile,1330,154.0,7,7,0.11578947368421053,190.0,Low,260267,Gain,2022,20,Wednesday,False,555005,113368.81894736842,2009.0,2761.218905472637,405.0,218357
1202,261,Ravi,Bangalore,Furniture,Mobile,2151,-460.0,4,7,-0.21385402138540213,537.75,Medium,230889,Loss,2022,21,Thursday,False,557156,112908.81894736842,1716.6666666666667,2758.19801980198,314.0,167826
1203,236,Priya,Delhi,Furniture,Mobile,1636,1458.0,2,7,0.89119804400978,818.0,Medium,204364,Gain,2022,22,Friday,False,558792,114366.81894736842,1705.6666666666667,2752.669950738916,364.0,169462
1204,296,Sneha,Pune,Clothing,Laptop,3310,1293.0,3,7,0.3906344410876133,1103.3333333333333,Medium,184606,Gain,2022,23,Saturday,True,562102,115659.81894736842,2365.6666666666665,2755.401960784314,164.0,174283
1205,250,Ravi,Mumbai,Electronics,Mobile,975,458.0,6,7,0.46974358974358976,162.5,Low,230889,Gain,2022,24,Sunday,True,563077,116117.81894736842,1973.6666666666667,2746.7170731707315,452.5,219332
1206,243,Priya,Delhi,Furniture,Table,3310,1320.0,5,7,0.3987915407854985,662.0,Medium,204364,Gain,2022,25,Monday,False,566387,117437.81894736842,2531.6666666666665,2749.4514563106795,164.0,172772
1207,223,Priya,Lucknow,Electronics,Chair,1826,-396.0,8,7,-0.21686746987951808,228.25,Medium,204364,Loss,2022,26,Tuesday,False,568213,117041.81894736842,2037.0,2744.990338164251,347.0,221158
1208,278,Arjun,Bangalore,Furniture,T-shirt,1519,-299.0,6,7,-0.1968400263331139,253.16666666666666,Medium,260267,Loss,2022,27,Wednesday,False,569732,116742.81894736842,2218.3333333333335,2739.096153846154,379.0,174291
1209,258,Amit,Lucknow,Furniture,Table,2336,-51.0,6,7,-0.02183219178082192,389.3333333333333,Medium,237606,Loss,2022,28,Thursday,False,572068,116691.81894736842,1893.6666666666667,2737.1674641148325,288.0,176627
1210,231,Amit,Mumbai,Electronics,Table,4756,1342.0,1,7,0.2821698906644239,4756.0,High,237606,Gain,2022,29,Friday,False,576824,118033.81894736842,2870.3333333333335,2746.7809523809524,23.0,225914
1211,295,Neha,Lucknow,Furniture,Mobile,2948,1366.0,4,7,0.4633649932157395,737.0,Medium,215210,Gain,2022,30,Saturday,True,579772,119399.81894736842,3346.6666666666665,2747.734597156398,212.0,179575
1212,287,Arjun,Mumbai,Furniture,Laptop,4793,558.8926315789473,5,7,0.11660601535133472,958.6,High,260267,Gain,2022,31,Sunday,True,584565,119958.71157894736,4165.666666666667,2757.382075471698,15.5,184368
1213,251,Priya,Mumbai,Clothing,Chair,1783,789.0,3,8,0.44251261918115536,594.3333333333334,Medium,204364,Gain,2022,1,Monday,False,586348,120747.71157894736,3174.6666666666665,2752.807511737089,351.5,176066
1214,261,Sneha,Lucknow,Furniture,Laptop,1159,409.0,9,8,0.3528904227782571,128.77777777777777,Low,184606,Gain,2022,2,Tuesday,False,587507,121156.71157894736,2578.3333333333335,2745.3598130841124,425.0,185527
1215,257,Amit,Mumbai,Furniture,Chair,2510,-291.0,1,8,-0.11593625498007969,2510.0,Medium,237606,Loss,2022,3,Wednesday,False,590017,120865.71157894736,1817.3333333333333,2744.26511627907,268.0,188037
1216,251,Priya,Lucknow,Furniture,Chair,898,62.0,6,8,0.06904231625835189,149.66666666666666,Low,204364,Gain,2022,4,Thursday,False,590915,120927.71157894736,1522.3333333333333,2735.7175925925926,462.0,188935
1217,211,Amit,Delhi,Clothing,Laptop,2233,641.0,6,8,0.28705776981639053,372.1666666666667,Medium,237606,Gain,2022,5,Friday,False,593148,121568.71157894736,1880.3333333333333,2733.400921658986,301.0,178299
1218,238,Amit,Lucknow,Electronics,Table,2625,212.0,5,8,0.08076190476190476,525.0,Medium,237606,Gain,2022,6,Saturday,True,595773,121780.71157894736,1918.6666666666667,2732.9036697247707,255.0,228539
1219,201,Amit,Lucknow,Clothing,Chair,2671,900.0,5,8,0.33695245226506926,534.2,Medium,237606,Gain,2022,7,Sunday,True,598444,122680.71157894736,2509.6666666666665,2732.62100456621,251.0,180970
1220,202,Sneha,Lucknow,Clothing,Laptop,574,1074.0,5,8,1.8710801393728222,114.8,Low,184606,Gain,2022,8,Monday,False,599018,123754.71157894736,1956.6666666666667,2722.809090909091,495.0,181544
1221,255,Arjun,Lucknow,Electronics,Chair,3971,1063.0,6,8,0.26769075799546715,661.8333333333334,High,260267,Gain,2022,9,Tuesday,False,602989,124817.71157894736,2405.3333333333335,2728.457013574661,103.5,232510
1222,280,Sneha,Lucknow,Clothing,T-shirt,1336,270.0,8,8,0.20209580838323354,167.0,Low,184606,Gain,2022,10,Wednesday,False,604325,125087.71157894736,1960.3333333333333,2722.1846846846847,404.0,182880
1223,258,Ravi,Delhi,Electronics,Table,999,607.0,2,8,0.6076076076076076,499.5,Low,230889,Gain,2022,11,Thursday,False,605324,125694.71157894736,2102.0,2714.457399103139,450.0,233509
1224,201,Priya,Bangalore,Clothing,Mobile,637,-47.0,6,8,-0.07378335949764521,106.16666666666667,Low,204364,Loss,2022,12,Friday,False,605961,125647.71157894736,990.6666666666666,2705.183035714286,492.0,183517
1225,201,Arjun,Pune,Electronics,Chair,2597,166.0,1,8,0.06391990758567578,2597.0,Medium,260267,Gain,2022,13,Saturday,True,608558,125813.71157894736,1411.0,2704.702222222222,258.0,236106
1226,291,Arjun,Delhi,Furniture,T-shirt,4196,558.8926315789473,4,8,0.13319652802167475,1049.0,High,260267,Gain,2022,14,Sunday,True,612754,126372.6042105263,2476.6666666666665,2711.3008849557523,78.0,193131
1227,253,Arjun,Lucknow,Clothing,Mobile,2385,1037.0,3,8,0.4348008385744235,795.0,Medium,260267,Gain,2022,15,Monday,False,615139,127409.6042105263,3059.3333333333335,2709.863436123348,284.0,185902
1228,286,Arjun,Pune,Clothing,Mobile,3257,1128.0,9,8,0.3463309794289223,361.8888888888889,Medium,260267,Gain,2022,16,Tuesday,False,618396,128537.6042105263,3279.3333333333335,2712.2631578947367,168.0,189159
1229,295,Sneha,Lucknow,Clothing,Chair,4420,1201.0,3,8,0.27171945701357464,1473.3333333333333,High,184606,Gain,2022,17,Wednesday,False,622816,129738.6042105263,3354.0,2719.720524017467,54.0,193579
1230,296,Arjun,Mumbai,Clothing,Laptop,2400,-114.0,6,8,-0.0475,400.0,Medium,260267,Loss,2022,18,Thursday,False,625216,129624.6042105263,3359.0,2718.330434782609,281.0,195979
1231,200,Neha,Bangalore,Furniture,Chair,3110,1435.0,1,8,0.46141479099678456,3110.0,Medium,215210,Gain,2022,19,Friday,False,628326,131059.6042105263,3310.0,2720.025974025974,183.0,196241
1232,218,Priya,Mumbai,Clothing,T-shirt,4486,873.0,6,8,0.19460543914400358,747.6666666666666,High,204364,Gain,2022,20,Saturday,True,632812,131932.6042105263,3332.0,2727.637931034483,44.0,200465
1233,201,Arjun,Pune,Furniture,Mobile,1949,-205.0,4,8,-0.10518214468958441,487.25,Medium,260267,Loss,2022,21,Sunday,True,634761,131727.6042105263,3181.6666666666665,2724.296137339056,335.0,198190
1234,252,Priya,Lucknow,Furniture,Chair,1046,-243.0,8,8,-0.2323135755258126,130.75,Low,204364,Loss,2022,22,Monday,False,635807,131484.6042105263,2493.6666666666665,2717.1239316239316,444.0,199236
1235,243,Neha,Delhi,Furniture,Laptop,2503,604.0,9,8,0.2413104274870156,278.1111111111111,Medium,215210,Gain,2022,23,Tuesday,False,638310,132088.6042105263,1832.6666666666667,2716.2127659574467,269.0,201739
1236,289,Neha,Bangalore,Furniture,Chair,2596,1460.0,4,8,0.5624036979969184,649.0,Medium,215210,Gain,2022,24,Wednesday,False,640906,133548.6042105263,2048.3333333333335,2715.7033898305085,259.0,204335
1237,231,Priya,Delhi,Electronics,Table,1203,-233.0,6,8,-0.1936824605153782,200.5,Low,204364,Loss,2022,25,Thursday,False,642109,133315.6042105263,2100.6666666666665,2709.3206751054854,414.0,237309
1238,269,Amit,Delhi,Electronics,Laptop,2903,-82.0,1,8,-0.028246641405442644,2903.0,Medium,237606,Loss,2022,26,Friday,False,645012,133233.6042105263,2234.0,2710.1344537815125,215.0,240212
1239,231,Ravi,Bangalore,Clothing,T-shirt,2125,-266.0,4,8,-0.1251764705882353,531.25,Medium,230889,Loss,2022,27,Saturday,True,647137,132967.6042105263,2077.0,2707.686192468619,318.0,202590
1240,267,Amit,Bangalore,Electronics,Mobile,3831,1356.0,7,8,0.35395458104933436,547.2857142857143,High,237606,Gain,2022,28,Sunday,True,650968,134323.6042105263,2953.0,2712.366666666667,116.0,244043
1241,254,Amit,Pune,Electronics,Chair,3478,834.0,1,8,0.23979298447383554,3478.0,Medium,237606,Gain,2022,29,Monday,False,654446,135157.6042105263,3144.6666666666665,2715.5435684647305,148.0,247521
1242,274,Sneha,Delhi,Clothing,Laptop,3339,1336.0,8,8,0.4001197963462114,417.375,Medium,184606,Gain,2022,30,Tuesday,False,657785,136493.6042105263,3549.3333333333335,2718.119834710744,159.0,205929
1243,255,Amit,Delhi,Clothing,Table,3884,1498.0,6,8,0.38568486096807414,647.3333333333334,High,237606,Gain,2022,31,Wednesday,False,661669,137991.6042105263,3567.0,2722.917695473251,110.0,209813
1244,216,Arjun,Pune,Clothing,Laptop,3159,485.0,5,9,0.15352959797404242,631.8,Medium,260267,Gain,2022,1,Thursday,False,664828,138476.6042105263,3460.6666666666665,2724.7049180327867,175.5,212972
1245,237,Sneha,Lucknow,Electronics,Table,2361,880.0,9,9,0.3727234222786955,262.3333333333333,Medium,184606,Gain,2022,2,Friday,False,667189,139356.6042105263,3134.6666666666665,2723.2204081632653,285.0,249882
1246,223,Sneha,Lucknow,Electronics,T-shirt,3356,736.0,2,9,0.21930870083432658,1678.0,Medium,184606,Gain,2022,3,Saturday,True,670545,140092.6042105263,2958.6666666666665,2725.7926829268295,157.0,253238
1247,268,Neha,Lucknow,Clothing,Mobile,1185,73.0,5,9,0.06160337552742616,237.0,Low,215210,Gain,2022,4,Sunday,True,671730,140165.6042105263,2300.6666666666665,2719.5546558704455,419.5,214157
1248,297,Amit,Pune,Furniture,T-shirt,4783,-452.0,6,9,-0.09450135897971984,797.1666666666666,High,237606,Loss,2022,5,Monday,False,676513,139713.6042105263,3108.0,2727.875,18.5,209118
1249,269,Neha,Delhi,Clothing,Chair,2119,558.8926315789473,7,9,0.26375301159931447,302.7142857142857,Medium,215210,Gain,2022,6,Tuesday,False,678632,140272.49684210526,2695.6666666666665,2725.429718875502,319.0,216276
1250,285,Priya,Pune,Furniture,Laptop,1931,-278.0,5,9,-0.14396685655100985,386.2,Medium,204364,Loss,2022,7,Wednesday,False,680563,139994.49684210526,2944.3333333333335,2722.252,337.0,211049
1251,210,Ravi,Pune,Furniture,Table,1375,420.0,9,9,0.3054545454545455,152.77777777777777,Low,230889,Gain,2022,8,Thursday,False,681938,140414.49684210526,1808.3333333333333,2716.8844621513945,397.0,212424
1252,215,Sneha,Lucknow,Clothing,Table,2961,802.0,1,9,0.270854441067207,2961.0,Medium,184606,Gain,2022,9,Friday,False,684899,141216.49684210526,2089.0,2717.8531746031745,207.5,219237
1253,296,Priya,Mumbai,Clothing,Laptop,1865,931.0,7,9,0.49919571045576405,266.42857142857144,Medium,204364,Gain,2022,10,Saturday,True,686764,142147.49684210526,2067.0,2714.482213438735,345.0,221102
1254,272,Priya,Delhi,Clothing,Laptop,1743,1028.0,7,9,0.5897877223178428,249.0,Medium,204364,Gain,2022,11,Sunday,True,688507,143175.49684210526,2189.6666666666665,2710.6574803149606,355.0,222845
1255,258,Arjun,Lucknow,Electronics,Chair,662,817.0,4,9,1.2341389728096677,165.5,Low,260267,Gain,2022,12,Monday,False,689169,143992.49684210526,1423.3333333333333,2702.6235294117646,487.0,253900
1256,269,Ravi,Mumbai,Furniture,T-shirt,2474,1319.0,9,9,0.5331447049312854,274.8888888888889,Medium,230889,Gain,2022,13,Tuesday,False,691643,145311.49684210526,1626.3333333333333,2701.73046875,271.0,214898
1257,279,Priya,Mumbai,Electronics,Table,3791,-224.0,5,9,-0.05908731205486679,758.2,High,204364,Loss,2022,14,Wednesday,False,695434,145087.49684210526,2309.0,2705.9688715953307,119.5,257691
1258,292,Priya,Bangalore,Electronics,Chair,769,961.0,4,9,1.2496749024707412,192.25,Low,204364,Gain,2022,15,Thursday,False,696203,146048.49684210526,2344.6666666666665,2698.4612403100773,477.0,258460
1259,202,Ravi,Delhi,Clothing,T-shirt,1131,630.0,7,9,0.5570291777188329,161.57142857142858,Low,230889,Gain,2022,16,Friday,False,697334,146678.49684210526,1897.0,2692.4092664092664,430.0,223976
1260,219,Ravi,Mumbai,Electronics,Chair,1405,1181.0,4,9,0.8405693950177936,351.25,Low,230889,Gain,2022,17,Saturday,True,698739,147859.49684210526,1101.6666666666667,2687.4576923076925,394.0,259865
1261,258,Priya,Lucknow,Clothing,Table,3971,-81.0,3,9,-0.020397884663812642,1323.6666666666667,High,204364,Loss,2022,18,Sunday,True,702710,147778.49684210526,2169.0,2692.375478927203,103.5,227947
1262,235,Ravi,Bangalore,Furniture,Laptop,3753,110.0,9,9,0.02930988542499334,417.0,High,230889,Gain,2022,19,Monday,False,706463,147888.49684210526,3043.0,2696.4236641221373,123.0,218651
1263,218,Priya,Delhi,Clothing,Laptop,2514,952.0,8,9,0.3786793953858393,314.25,Medium,204364,Gain,2022,20,Tuesday,False,708977,148840.49684210526,3412.6666666666665,2695.730038022814,267.0,230461
1264,289,Priya,Pune,Electronics,T-shirt,2141,-126.0,1,9,-0.058851004203643156,2141.0,Medium,204364,Loss,2022,21,Wednesday,False,711118,148714.49684210526,2802.6666666666665,2693.628787878788,315.0,262006
1265,266,Arjun,Lucknow,Electronics,Mobile,704,-428.0,7,9,-0.6079545454545454,100.57142857142857,Low,260267,Loss,2022,22,Thursday,False,711822,148286.49684210526,1786.3333333333333,2686.120754716981,485.0,262710
1266,218,Amit,Mumbai,Clothing,T-shirt,1081,1472.0,9,9,1.3617021276595744,120.11111111111111,Low,237606,Gain,2022,23,Friday,False,712903,149758.49684210526,1308.6666666666667,2680.0864661654136,439.0,231542
1267,219,Priya,Mumbai,Clothing,Mobile,1340,1157.0,8,9,0.8634328358208955,167.5,Low,204364,Gain,2022,24,Saturday,True,714243,150915.49684210526,1041.6666666666667,2675.067415730337,402.0,232882
1268,295,Neha,Lucknow,Electronics,Chair,2219,553.0,8,9,0.24921135646687698,277.375,Medium,215210,Gain,2022,25,Sunday,True,716462,151468.49684210526,1546.6666666666667,2673.365671641791,304.0,264929
1269,270,Sneha,Mumbai,Furniture,Chair,3143,711.0,6,9,0.22621699013681196,523.8333333333334,Medium,184606,Gain,2022,26,Monday,False,719605,152179.49684210526,2234.0,2675.111524163569,179.0,221794
1270,251,Amit,Bangalore,Furniture,Table,2797,887.0,4,9,0.31712549159814085,699.25,Medium,237606,Gain,2022,27,Tuesday,False,722402,153066.49684210526,2719.6666666666665,2675.562962962963,230.0,224591
1271,232,Amit,Delhi,Clothing,Mobile,1374,558.8926315789473,8,9,0.4067631962001072,171.75,Low,237606,Gain,2022,28,Wednesday,False,723776,153625.38947368422,2438.0,2670.760147601476,398.0,234256
1272,239,Amit,Bangalore,Furniture,Table,1189,558.8926315789473,3,9,0.4700526758443628,396.3333333333333,Low,237606,Gain,2022,29,Thursday,False,724965,154184.28210526318,1786.6666666666667,2665.3125,417.0,225780
1273,238,Arjun,Mumbai,Electronics,Laptop,4500,974.0,9,9,0.21644444444444444,500.0,High,260267,Gain,2022,30,Friday,False,729465,155158.28210526318,2354.3333333333335,2672.032967032967,42.0,269429
1274,281,Priya,Pune,Clothing,Mobile,3641,-306.0,2,10,-0.08404284537215051,1820.5,High,204364,Loss,2022,1,Saturday,True,733106,154852.28210526318,3110.0,2675.5693430656934,131.0,237897
1275,200,Arjun,Delhi,Electronics,T-shirt,1922,679.0,2,10,0.35327783558792925,961.0,Medium,260267,Gain,2022,2,Sunday,True,735028,155531.28210526318,3354.3333333333335,2672.829090909091,339.0,271351
1276,210,Priya,Lucknow,Electronics,Laptop,1171,695.0,7,10,0.5935098206660974,167.28571428571428,Low,204364,Gain,2022,3,Monday,False,736199,156226.28210526318,2244.6666666666665,2667.3876811594205,421.0,272522
1277,291,Arjun,Lucknow,Furniture,Laptop,1671,346.0,4,10,0.20706163973668462,417.75,Medium,260267,Gain,2022,4,Tuesday,False,737870,156572.28210526318,1588.0,2663.7906137184114,359.0,227451
1278,256,Arjun,Lucknow,Clothing,T-shirt,4226,564.0,8,10,0.13345953620444864,528.25,High,260267,Gain,2022,5,Wednesday,False,742096,157136.28210526318,2356.0,2669.410071942446,73.0,242123
1279,288,Sneha,Pune,Clothing,Laptop,1443,586.0,9,10,0.4060984060984061,160.33333333333334,Low,184606,Gain,2022,6,Thursday,False,743539,157722.28210526318,2446.6666666666665,2665.0143369175626,387.0,243566
1280,249,Neha,Delhi,Furniture,Mobile,1949,-478.0,7,10,-0.2452539763981529,278.42857142857144,Medium,215210,Loss,2022,7,Friday,False,745488,157244.28210526318,2539.3333333333335,2662.457142857143,335.0,229400
1281,222,Arjun,Pune,Electronics,Table,4237,-141.0,5,10,-0.03327826292187869,847.4,High,260267,Loss,2022,8,Saturday,True,749725,157103.28210526318,2543.0,2668.0604982206405,71.0,276759
1282,230,Sneha,Lucknow,Electronics,Laptop,3039,558.8926315789473,8,10,0.18390675603124296,379.875,Medium,184606,Gain,2022,9,Sunday,True,752764,157662.17473684213,3075.0,2669.375886524823,197.0,279798
1283,293,Ravi,Lucknow,Electronics,Mobile,4459,59.0,4,10,0.013231666292890782,1114.75,High,230889,Gain,2022,10,Monday,False,757223,157721.17473684213,3911.6666666666665,2675.6996466431096,49.5,284257
1284,241,Neha,Delhi,Electronics,Chair,4760,558.8926315789473,2,10,0.11741441839893851,2380.0,High,215210,Gain,2022,11,Tuesday,False,761983,158280.0673684211,4086.0,2683.038732394366,22.0,289017
1285,298,Arjun,Bangalore,Clothing,Mobile,2861,1348.0,6,10,0.47116392869626006,476.8333333333333,Medium,260267,Gain,2022,12,Wednesday,False,764844,159628.0673684211,4026.6666666666665,2683.6631578947367,220.0,246427
1286,206,Amit,Mumbai,Clothing,Table,4152,641.0,9,10,0.154383429672447,461.3333333333333,High,237606,Gain,2022,13,Thursday,False,768996,160269.0673684211,3924.3333333333335,2688.7972027972028,86.0,250579
1287,215,Ravi,Lucknow,Furniture,Mobile,4170,1135.0,1,10,0.27218225419664266,4170.0,High,230889,Gain,2022,14,Friday,False,773166,161404.0673684211,3727.6666666666665,2693.95818815331,83.0,233570
1288,289,Ravi,Lucknow,Furniture,T-shirt,2253,903.0,7,10,0.4007989347536618,321.85714285714283,Medium,230889,Gain,2022,15,Saturday,True,775419,162307.0673684211,3525.0,2692.4270833333335,298.0,235823
1289,259,Sneha,Bangalore,Clothing,Table,2852,1452.0,9,10,0.5091164095371669,316.8888888888889,Medium,184606,Gain,2022,16,Sunday,True,778271,163759.0673684211,3091.6666666666665,2692.9792387543253,221.0,253431
1290,201,Ravi,Bangalore,Clothing,Chair,2438,1443.0,9,10,0.5918785890073831,270.8888888888889,Medium,230889,Gain,2022,17,Monday,False,780709,165202.0673684211,2514.3333333333335,2692.1,276.0,255869
1291,200,Neha,Pune,Electronics,T-shirt,870,178.0,3,10,0.2045977011494253,290.0,Low,215210,Gain,2022,18,Tuesday,False,781579,165380.0673684211,2053.3333333333335,2685.8384879725086,465.0,289887
1292,247,Arjun,Pune,Electronics,Mobile,4979,813.0,5,10,0.16328580036151838,995.8,High,260267,Gain,2022,19,Wednesday,False,786558,166193.0673684211,2762.3333333333335,2693.6917808219177,3.0,294866
1293,211,Arjun,Mumbai,Furniture,Table,2431,-61.0,8,10,-0.02509255450431921,303.875,Medium,260267,Loss,2022,20,Thursday,False,788989,166132.0673684211,2760.0,2692.795221843003,277.0,238254
1294,268,Amit,Mumbai,Clothing,Chair,924,1191.0,8,10,1.2889610389610389,115.5,Low,237606,Gain,2022,21,Friday,False,789913,167323.0673684211,2778.0,2686.778911564626,459.0,256793
1295,236,Sneha,Delhi,Furniture,T-shirt,1394,432.0,4,10,0.3098995695839311,348.5,Low,184606,Gain,2022,22,Saturday,True,791307,167755.0673684211,1583.0,2682.3966101694914,396.0,239648
1296,231,Amit,Pune,Clothing,Chair,1097,-494.0,1,10,-0.45031905195989064,1097.0,Low,237606,Loss,2022,23,Sunday,True,792404,167261.0673684211,1138.3333333333333,2677.0405405405404,434.5,257890
1297,208,Ravi,Lucknow,Electronics,Mobile,3562,558.8926315789473,1,10,0.15690416383462866,3562.0,High,230889,Gain,2022,24,Monday,False,795966,167819.96000000005,2017.6666666666667,2680.020202020202,138.0,298428
1298,298,Amit,Pune,Furniture,Chair,2836,-80.0,4,10,-0.028208744710860368,709.0,Medium,237606,Loss,2022,25,Tuesday,False,798802,167739.96000000005,2498.3333333333335,2680.5436241610737,222.0,242484
1299,218,Neha,Lucknow,Furniture,Laptop,2187,1091.0,6,10,0.49885688157293095,364.5,Medium,215210,Gain,2022,26,Wednesday,False,800989,168830.96000000005,2861.6666666666665,2678.8929765886287,309.0,244671
1300,247,Arjun,Bangalore,Clothing,T-shirt,1072,332.0,8,10,0.30970149253731344,134.0,Low,260267,Gain,2022,27,Thursday,False,802061,169162.96000000005,2031.6666666666667,2673.536666666667,441.0,258962
1301,279,Ravi,Lucknow,Electronics,Chair,2590,716.0,6,10,0.27644787644787644,431.6666666666667,Medium,230889,Gain,2022,28,Friday,False,804651,169878.96000000005,1949.6666666666667,2673.2591362126245,260.0,301018
1302,202,Amit,Bangalore,Furniture,Mobile,4169,58.0,9,10,0.013912209162868793,463.22222222222223,High,237606,Gain,2022,29,Saturday,True,808820,169936.96000000005,2610.3333333333335,2678.2119205298013,84.0,248840
1303,219,Sneha,Mumbai,Electronics,Mobile,4772,671.0,9,10,0.1406119027661358,530.2222222222222,High,184606,Gain,2022,30,Sunday,True,813592,170607.96000000005,3843.6666666666665,2685.122112211221,21.0,305790
1304,223,Neha,Mumbai,Furniture,Chair,2133,1310.0,2,10,0.614158462259728,1066.5,Medium,215210,Gain,2022,31,Monday,False,815725,171917.96000000005,3691.3333333333335,2683.3059210526317,317.0,250973
1305,253,Neha,Delhi,Electronics,Mobile,2017,558.8926315789473,1,11,0.2770910419330428,2017.0,Medium,215210,Gain,2022,1,Tuesday,False,817742,172476.852631579,2974.0,2681.12131147541,330.0,307807
1306,232,Amit,Pune,Clothing,Table,4793,725.0,2,11,0.15126225745879407,2396.5,High,237606,Gain,2022,2,Wednesday,False,822535,173201.852631579,2981.0,2688.0228758169933,15.5,263755
1307,223,Arjun,Bangalore,Furniture,Table,3157,967.0,5,11,0.30630345264491604,631.4,Medium,260267,Gain,2022,3,Thursday,False,825692,174168.852631579,3322.3333333333335,2689.5504885993487,177.0,254130
1308,274,Amit,Lucknow,Furniture,Table,4148,413.0,4,11,0.09956605593056896,1037.0,High,237606,Gain,2022,4,Friday,False,829840,174581.852631579,4032.6666666666665,2694.285714285714,87.0,258278
1309,271,Ravi,Mumbai,Electronics,Laptop,4088,942.0,4,11,0.23043052837573386,1022.0,High,230889,Gain,2022,5,Saturday,True,833928,175523.852631579,3797.6666666666665,2698.7961165048546,92.0,311895
1310,235,Amit,Mumbai,Electronics,Chair,2037,950.0,9,11,0.46637211585665195,226.33333333333334,Medium,237606,Gain,2022,6,Sunday,True,835965,176473.852631579,3424.3333333333335,2696.6612903225805,327.0,313932
1311,237,Neha,Lucknow,Furniture,Laptop,3637,506.0,8,11,0.13912565301072313,454.625,High,215210,Gain,2022,7,Monday,False,839602,176979.852631579,3254.0,2699.684887459807,132.5,261915
1312,283,Amit,Bangalore,Clothing,Mobile,597,1002.0,6,11,1.678391959798995,99.5,Low,237606,Gain,2022,8,Tuesday,False,840199,177981.852631579,2090.3333333333335,2692.9455128205127,493.0,264352
1313,298,Arjun,Bangalore,Electronics,Laptop,3715,998.0,1,11,0.2686406460296097,3715.0,High,260267,Gain,2022,9,Wednesday,False,843914,178979.852631579,2649.6666666666665,2696.2108626198083,126.0,317647
1314,288,Sneha,Pune,Electronics,Mobile,4250,-375.0,2,11,-0.08823529411764706,2125.0,High,184606,Loss,2022,10,Thursday,False,848164,178604.852631579,2854.0,2701.1592356687897,69.0,321897
1315,298,Priya,Pune,Electronics,Mobile,3657,-106.0,6,11,-0.028985507246376812,609.5,High,204364,Loss,2022,11,Friday,False,851821,178498.852631579,3874.0,2704.1936507936507,130.0,325554
1316,224,Amit,Delhi,Furniture,T-shirt,843,316.0,2,11,0.3748517200474496,421.5,Low,237606,Gain,2022,12,Saturday,True,852664,178814.852631579,2916.6666666666665,2698.3037974683543,470.0,262758
1317,292,Arjun,Lucknow,Furniture,Table,1110,380.0,5,11,0.34234234234234234,222.0,Low,260267,Gain,2022,13,Sunday,True,853774,179194.852631579,1870.0,2693.2933753943216,433.0,263868
1318,217,Arjun,Pune,Furniture,Mobile,2227,1329.0,5,11,0.5967669510552313,445.4,Medium,260267,Gain,2022,14,Monday,False,856001,180523.852631579,1393.3333333333333,2691.827044025157,302.0,266095
1319,281,Sneha,Bangalore,Furniture,T-shirt,2790,75.0,6,11,0.026881720430107527,465.0,Medium,184606,Gain,2022,15,Tuesday,False,858791,180598.852631579,2042.3333333333333,2692.1347962382447,232.0,268885
1320,265,Neha,Lucknow,Clothing,Table,2354,-176.0,6,11,-0.07476635514018691,392.3333333333333,Medium,215210,Loss,2022,16,Wednesday,False,861145,180422.852631579,2457.0,2691.078125,287.0,266706
1321,253,Arjun,Bangalore,Clothing,Mobile,3108,915.0,6,11,0.2944015444015444,518.0,Medium,260267,Gain,2022,17,Thursday,False,864253,181337.852631579,2750.6666666666665,2692.3769470404986,184.0,269814
1322,234,Arjun,Mumbai,Furniture,Mobile,2579,429.0,2,11,0.16634354400930593,1289.5,Medium,260267,Gain,2022,18,Friday,False,866832,181766.852631579,2680.3333333333335,2692.0248447204967,262.0,271464
1323,279,Arjun,Bangalore,Clothing,Laptop,2824,1211.0,3,11,0.4288243626062323,941.3333333333334,Medium,260267,Gain,2022,19,Saturday,True,869656,182977.852631579,2837.0,2692.4334365325076,226.0,272638
1324,260,Arjun,Delhi,Electronics,Laptop,1677,1151.0,6,11,0.6863446630888491,279.5,Medium,260267,Gain,2022,20,Sunday,True,871333,184128.852631579,2360.0,2689.2993827160494,358.0,327231
1325,240,Ravi,Mumbai,Electronics,Table,1591,963.0,8,11,0.6052796983029541,198.875,Medium,230889,Gain,2022,21,Monday,False,872924,185091.852631579,2030.6666666666667,2685.92,370.0,328822
1326,299,Ravi,Lucknow,Electronics,Mobile,3291,727.0,1,11,0.2209054998480705,3291.0,Medium,230889,Gain,2022,22,Tuesday,False,876215,185818.852631579,2186.3333333333335,2687.776073619632,166.0,332113
1327,232,Neha,Delhi,Furniture,Chair,2249,1009.0,1,11,0.4486438417074255,2249.0,Medium,215210,Gain,2022,23,Wednesday,False,878464,186827.852631579,2377.0,2686.434250764526,300.0,273713
1328,267,Amit,Mumbai,Electronics,Laptop,3175,332.0,2,11,0.10456692913385827,1587.5,Medium,237606,Gain,2022,24,Thursday,False,881639,187159.852631579,2905.0,2687.923780487805,174.0,335288
1329,232,Arjun,Lucknow,Clothing,Table,1281,554.0,6,11,0.43247462919594065,213.5,Low,260267,Gain,2022,25,Friday,False,882920,187713.852631579,2235.0,2683.647416413374,407.0,273919
1330,213,Sneha,Delhi,Furniture,Mobile,3548,911.0,9,11,0.2567643742953777,394.22222222222223,High,184606,Gain,2022,26,Saturday,True,886468,188624.852631579,2668.0,2686.266666666667,139.5,277261
1331,220,Amit,Delhi,Clothing,Mobile,2605,1148.0,4,11,0.44069097888675623,651.25,Medium,237606,Gain,2022,27,Sunday,True,889073,189772.852631579,2478.0,2686.0211480362536,257.0,276524
1332,247,Sneha,Mumbai,Electronics,Chair,4367,1400.0,3,11,0.3205862147927639,1455.6666666666667,High,184606,Gain,2022,28,Monday,False,893440,191172.852631579,3506.6666666666665,2691.0843373493976,61.0,339655
1333,219,Amit,Pune,Electronics,Table,2613,957.0,8,11,0.36624569460390355,326.625,Medium,237606,Gain,2022,29,Tuesday,False,896053,192129.852631579,3195.0,2690.8498498498498,256.0,342268
1334,207,Neha,Delhi,Electronics,Mobile,4470,336.0,9,11,0.07516778523489932,496.6666666666667,High,215210,Gain,2022,30,Wednesday,False,900523,192465.852631579,3816.6666666666665,2696.176646706587,47.0,346738
1335,206,Arjun,Delhi,Furniture,Laptop,2491,425.0,5,12,0.17061421116017664,498.2,Medium,260267,Gain,2022,1,Thursday,False,903014,192890.852631579,3191.3333333333335,2695.5641791044777,270.0,279752
1336,266,Arjun,Lucknow,Clothing,Chair,1567,899.0,9,12,0.5737077217613273,174.11111111111111,Medium,260267,Gain,2022,2,Friday,False,904581,193789.852631579,2842.6666666666665,2692.2053571428573,375.0,278091
1337,216,Priya,Bangalore,Furniture,Table,2077,558.8926315789473,2,12,0.2690864860755644,1038.5,Medium,204364,Gain,2022,3,Saturday,True,906658,194348.74526315797,2045.0,2690.379821958457,323.0,281829
1338,232,Sneha,Mumbai,Furniture,Chair,1511,558.8926315789473,3,12,0.36988261520777455,503.6666666666667,Medium,184606,Gain,2022,4,Sunday,True,908169,194907.63789473692,1718.3333333333333,2686.890532544379,381.0,283340
1339,247,Amit,Mumbai,Electronics,Laptop,2774,1102.0,7,12,0.3972602739726027,396.2857142857143,Medium,237606,Gain,2022,5,Monday,False,910943,196009.63789473692,2120.6666666666665,2687.1474926253686,236.0,349512
1340,275,Amit,Pune,Furniture,Table,2314,-426.0,7,12,-0.18409680207433016,330.57142857142856,Medium,237606,Loss,2022,6,Tuesday,False,913257,195583.63789473692,2199.6666666666665,2686.05,292.0,285654
1341,258,Ravi,Lucknow,Furniture,Chair,2926,56.0,6,12,0.019138755980861243,487.6666666666667,Medium,230889,Gain,2022,7,Wednesday,False,916183,195639.63789473692,2671.3333333333335,2686.75366568915,213.0,288580
1342,285,Priya,Mumbai,Electronics,T-shirt,4902,1295.0,6,12,0.2641778865769074,817.0,High,204364,Gain,2022,8,Thursday,False,921085,196934.63789473692,3380.6666666666665,2693.2309941520466,6.0,354414
1343,221,Ravi,Pune,Furniture,Laptop,3051,1189.0,2,12,0.3897082923631596,1525.5,Medium,230889,Gain,2022,9,Friday,False,924136,198123.63789473692,3626.3333333333335,2694.2740524781343,193.0,291631
1344,229,Ravi,Lucknow,Electronics,Laptop,4157,558.8926315789473,6,12,0.1344461466391502,692.8333333333334,High,230889,Gain,2022,10,Saturday,True,928293,198682.53052631588,4036.6666666666665,2698.5261627906975,85.0,358571
1345,237,Ravi,Mumbai,Electronics,Laptop,507,953.0,4,12,1.8796844181459567,126.75,Low,230889,Gain,2022,11,Sunday,True,928800,199635.53052631588,2571.6666666666665,2692.1739130434785,500.0,359078
1346,250,Sneha,Pune,Electronics,T-shirt,3055,-138.0,3,12,-0.04517184942716858,1018.3333333333334,Medium,184606,Loss,2022,12,Monday,False,931855,199497.53052631588,2573.0,2693.222543352601,192.0,362133
1347,253,Sneha,Mumbai,Electronics,T-shirt,975,-53.0,2,12,-0.05435897435897436,487.5,Low,184606,Loss,2022,13,Tuesday,False,932830,199444.53052631588,1512.3333333333333,2688.270893371758,452.5,363108
1348,207,Neha,Bangalore,Furniture,Mobile,2711,757.0,1,12,0.27923275544079673,2711.0,Medium,215210,Gain,2022,14,Wednesday,False,935541,200201.53052631588,2247.0,2688.3362068965516,247.0,294342
1349,226,Neha,Delhi,Electronics,Chair,984,1086.0,5,12,1.103658536585366,196.8,Low,215210,Gain,2022,15,Thursday,False,936525,201287.53052631588,1556.6666666666667,2683.452722063037,451.0,364092
1350,226,Ravi,Mumbai,Electronics,Mobile,2785,1341.0,2,12,0.481508078994614,1392.5,Medium,230889,Gain,2022,16,Friday,False,939310,202628.53052631588,2160.0,2683.7428571428572,233.0,366877
1351,297,Priya,Delhi,Furniture,Chair,4025,-239.0,2,12,-0.05937888198757764,2012.5,High,204364,Loss,2022,17,Saturday,True,943335,202389.53052631588,2598.0,2687.5641025641025,100.0,298367
1352,220,Amit,Pune,Furniture,T-shirt,3839,1350.0,7,12,0.35165407658244335,548.4285714285714,High,237606,Gain,2022,18,Sunday,True,947174,203739.53052631588,3549.6666666666665,2690.8352272727275,115.0,302206
1353,229,Sneha,Delhi,Clothing,T-shirt,3322,-376.0,8,12,-0.11318482841661649,415.25,Medium,184606,Loss,2022,19,Monday,False,950496,203363.53052631588,3728.6666666666665,2692.623229461756,161.0,281413
1354,296,Priya,Mumbai,Furniture,Mobile,3424,410.0,8,12,0.11974299065420561,428.0,Medium,204364,Gain,2022,20,Tuesday,False,953920,203773.53052631588,3528.3333333333335,2694.6892655367233,155.0,305630
1355,227,Arjun,Bangalore,Furniture,Table,758,-256.0,4,12,-0.33773087071240104,189.5,Low,260267,Loss,2022,21,Wednesday,False,954678,203517.53052631588,2501.3333333333335,2689.2338028169015,480.0,306388
1356,263,Sneha,Pune,Clothing,Mobile,782,41.0,1,12,0.052429667519181586,782.0,Low,184606,Gain,2022,22,Thursday,False,955460,203558.53052631588,1654.6666666666667,2683.876404494382,474.5,282195
1357,296,Sneha,Mumbai,Furniture,Chair,2398,1461.0,7,12,0.609257714762302,342.57142857142856,Medium,184606,Gain,2022,23,Friday,False,957858,205019.53052631588,1312.6666666666667,2683.075630252101,283.0,308786
1358,268,Neha,Pune,Furniture,Mobile,4635,-16.0,1,12,-0.003451995685005394,4635.0,High,215210,Loss,2022,24,Saturday,True,962493,205003.53052631588,2605.0,2688.527932960894,32.0,313421
1359,260,Amit,Lucknow,Furniture,Laptop,3476,-379.0,4,12,-0.10903337169159955,869.0,Medium,237606,Loss,2022,25,Sunday,True,965969,204624.53052631588,3503.0,2690.7214484679666,149.0,316897
1360,247,Amit,Delhi,Furniture,Chair,2767,-376.0,8,12,-0.1358872425009035,345.875,Medium,237606,Loss,2022,26,Monday,False,968736,204248.53052631588,3626.0,2690.9333333333334,238.0,319664
1361,218,Arjun,Lucknow,Clothing,Chair,3700,1072.0,2,12,0.2897297297297297,1850.0,High,260267,Gain,2022,27,Tuesday,False,972436,205320.53052631588,3314.3333333333335,2693.7285318559557,127.0,285895
1362,203,Arjun,Mumbai,Furniture,Table,1112,-331.0,6,12,-0.2976618705035971,185.33333333333334,Low,260267,Loss,2022,28,Wednesday,False,973548,204989.53052631588,2526.3333333333335,2689.3591160220994,431.5,320776
1363,234,Sneha,Bangalore,Furniture,T-shirt,1187,-377.0,6,12,-0.3176074136478517,197.83333333333334,Low,184606,Loss,2022,29,Thursday,False,974735,204612.53052631588,1999.6666666666667,2685.220385674931,418.0,321963
1364,263,Ravi,Pune,Clothing,Chair,4190,1392.0,9,12,0.3322195704057279,465.55555555555554,High,230889,Gain,2022,30,Friday,False,978925,206004.53052631588,2163.0,2689.3543956043954,80.0,290085
1365,248,Neha,Delhi,Electronics,T-shirt,1112,558.0,5,12,0.5017985611510791,222.4,Low,215210,Gain,2022,31,Saturday,True,980037,206562.53052631588,2163.0,2685.0328767123287,431.5,367989
1366,216,Neha,Pune,Clothing,Mobile,2807,610.0,4,1,0.21731385821161384,701.75,Medium,215210,Gain,2023,1,Sunday,True,982844,207172.53052631588,2703.0,2685.3661202185795,229.0,292892
1367,243,Sneha,Lucknow,Electronics,Laptop,3513,145.0,5,1,0.04127526330771421,702.6,High,184606,Gain,2023,2,Monday,False,986357,207317.53052631588,2477.3333333333335,2687.6212534059946,141.0,371502
1368,291,Priya,Pune,Clothing,Table,2281,1231.0,5,1,0.5396755808855765,456.2,Medium,204364,Gain,2023,3,Tuesday,False,988638,208548.53052631588,2867.0,2686.516304347826,294.0,295173
1369,229,Ravi,Delhi,Clothing,T-shirt,3091,285.0,8,1,0.09220317049498544,386.375,Medium,230889,Gain,2023,4,Wednesday,False,991729,208833.53052631588,2961.6666666666665,2687.6124661246613,187.0,298264
1370,292,Sneha,Mumbai,Furniture,Chair,3196,-300.0,8,1,-0.09386733416770963,399.5,Medium,184606,Loss,2023,5,Thursday,False,994925,208533.53052631588,2856.0,2688.9864864864867,173.0,325159
1371,245,Ravi,Pune,Electronics,T-shirt,4458,-132.0,2,1,-0.029609690444145357,2229.0,High,230889,Loss,2023,6,Friday,False,999383,208401.53052631588,3581.6666666666665,2693.754716981132,51.0,375960
1372,205,Ravi,Bangalore,Furniture,Chair,1074,296.0,7,1,0.2756052141527002,153.42857142857142,Low,230889,Gain,2023,7,Saturday,True,1000457,208697.53052631588,2909.3333333333335,2689.4005376344085,440.0,326233
1373,298,Ravi,Mumbai,Electronics,T-shirt,2410,-424.0,8,1,-0.17593360995850624,301.25,Medium,230889,Loss,2023,8,Sunday,True,1002867,208273.53052631588,2647.3333333333335,2688.651474530831,279.0,378370
1374,236,Sneha,Mumbai,Clothing,Chair,4104,-442.0,6,1,-0.10769980506822611,684.0,High,184606,Loss,2023,9,Monday,False,1006971,207831.53052631588,2529.3333333333335,2692.4358288770054,91.0,302368
1375,223,Neha,Bangalore,Clothing,Mobile,1169,-70.0,5,1,-0.059880239520958084,233.8,Low,215210,Loss,2023,10,Tuesday,False,1008140,207761.53052631588,2561.0,2688.3733333333334,422.0,303537
1376,292,Neha,Lucknow,Electronics,Chair,4864,137.0,9,1,0.02816611842105263,540.4444444444445,High,215210,Gain,2023,11,Wednesday,False,1013004,207898.53052631588,3379.0,2694.159574468085,9.0,383234
1377,245,Ravi,Delhi,Furniture,Chair,1783,1023.0,3,1,0.5737521031968592,594.3333333333334,Medium,230889,Gain,2023,12,Thursday,False,1014787,208921.53052631588,2605.3333333333335,2691.742705570292,351.5,328016
1378,252,Priya,Lucknow,Furniture,Laptop,1423,1436.0,4,1,1.0091356289529163,355.75,Low,204364,Gain,2023,13,Friday,False,1016210,210357.53052631588,2690.0,2688.386243386243,392.0,329439
1379,294,Amit,Pune,Furniture,Chair,1625,-392.0,9,1,-0.24123076923076922,180.55555555555554,Medium,237606,Loss,2023,14,Saturday,True,1017835,209965.53052631588,1610.3333333333333,2685.580474934037,366.0,331064
1380,298,Sneha,Bangalore,Furniture,Laptop,2029,1259.0,6,1,0.6205027106949236,338.1666666666667,Medium,184606,Gain,2023,15,Sunday,True,1019864,211224.53052631588,1692.3333333333333,2683.8526315789472,329.0,333093
1381,259,Amit,Lucknow,Clothing,Table,2094,507.0,8,1,0.24212034383954154,261.75,Medium,237606,Gain,2023,16,Monday,False,1021958,211731.53052631588,1916.0,2682.304461942257,322.0,305631
1382,296,Priya,Lucknow,Clothing,Laptop,746,801.0,7,1,1.0737265415549597,106.57142857142857,Low,204364,Gain,2023,17,Tuesday,False,1022704,212532.53052631588,1623.0,2677.2356020942407,481.0,306377
1383,262,Sneha,Pune,Clothing,Mobile,4211,-433.0,2,1,-0.10282593208264071,2105.5,High,184606,Loss,2023,18,Wednesday,False,1026915,212099.53052631588,2350.3333333333335,2681.2402088772847,75.0,310588
1384,284,Ravi,Pune,Clothing,Laptop,2060,592.0,3,1,0.287378640776699,686.6666666666666,Medium,230889,Gain,2023,19,Thursday,False,1028975,212691.53052631588,2339.0,2679.6223958333335,326.0,312648
1385,231,Neha,Lucknow,Clothing,Table,2900,688.0,1,1,0.23724137931034484,2900.0,Medium,215210,Gain,2023,20,Friday,False,1031875,213379.53052631588,3057.0,2680.194805194805,216.0,315548
1386,286,Amit,Lucknow,Furniture,Mobile,2743,1012.0,9,1,0.3689391177542836,304.77777777777777,Medium,237606,Gain,2023,21,Saturday,True,1034618,214391.53052631588,2567.6666666666665,2680.357512953368,242.0,335836
1387,232,Arjun,Bangalore,Furniture,T-shirt,4364,-196.0,7,1,-0.044912923923006415,623.4285714285714,High,260267,Loss,2023,22,Sunday,True,1038982,214195.53052631588,3335.6666666666665,2684.708010335917,62.0,340200
1388,266,Arjun,Delhi,Furniture,T-shirt,2439,1432.0,1,1,0.5871258712587126,2439.0,Medium,260267,Gain,2023,23,Monday,False,1041421,215627.53052631588,3182.0,2684.074742268041,275.0,342639
1389,217,Priya,Lucknow,Furniture,Laptop,3569,173.0,3,1,0.04847296161389745,1189.6666666666667,High,204364,Gain,2023,24,Tuesday,False,1044990,215800.53052631588,3457.3333333333335,2686.349614395887,137.0,346208
1390,224,Ravi,Lucknow,Clothing,Laptop,726,-136.0,4,1,-0.18732782369146006,181.5,Low,230889,Loss,2023,25,Wednesday,False,1045716,215664.53052631588,2244.6666666666665,2681.3230769230768,483.5,316274
1391,294,Amit,Mumbai,Clothing,Table,4047,1377.0,4,1,0.3402520385470719,1011.75,High,237606,Gain,2023,26,Thursday,False,1049763,217041.53052631588,2780.6666666666665,2684.8158567774935,98.0,320321
1392,253,Ravi,Pune,Clothing,Table,764,320.0,5,1,0.418848167539267,152.8,Low,230889,Gain,2023,27,Friday,False,1050527,217361.53052631588,1845.6666666666667,2679.9158163265306,478.5,321085
1393,257,Amit,Delhi,Electronics,Chair,1895,902.0,3,1,0.47598944591029024,631.6666666666666,Medium,237606,Gain,2023,28,Saturday,True,1052422,218263.53052631588,2235.3333333333335,2677.9185750636134,341.0,385129
1394,266,Priya,Mumbai,Furniture,Table,4057,-158.0,3,1,-0.03894503327581957,1352.3333333333333,High,204364,Loss,2023,29,Sunday,True,1056479,218105.53052631588,2238.6666666666665,2681.4187817258885,97.0,350265
1395,245,Priya,Bangalore,Furniture,Chair,1145,558.8926315789473,1,1,0.48811583544012865,1145.0,Low,204364,Gain,2023,30,Monday,False,1057624,218664.42315789484,2365.6666666666665,2677.5291139240508,428.0,351410
1396,223,Arjun,Bangalore,Clothing,Mobile,3490,398.0,7,1,0.11404011461318052,498.57142857142856,Medium,260267,Gain,2023,31,Tuesday,False,1061114,219062.42315789484,2897.3333333333335,2679.580808080808,145.0,324575
1397,231,Ravi,Lucknow,Furniture,Laptop,2399,1077.0,1,2,0.44893705710712795,2399.0,Medium,230889,Gain,2023,1,Wednesday,False,1063513,220139.42315789484,2344.6666666666665,2678.874055415617,282.0,353809
1398,246,Sneha,Lucknow,Furniture,Mobile,3004,877.0,2,2,0.2919440745672437,1502.0,Medium,184606,Gain,2023,2,Thursday,False,1066517,221016.42315789484,2964.3333333333335,2679.690954773869,202.0,356813
1399,285,Arjun,Bangalore,Clothing,Table,3272,939.0,4,2,0.2869804400977995,818.0,Medium,260267,Gain,2023,3,Friday,False,1069789,221955.42315789484,2891.6666666666665,2681.1754385964914,167.0,327847
1400,222,Ravi,Lucknow,Electronics,Mobile,1654,632.0,4,2,0.38210399032648124,413.5,Medium,230889,Gain,2023,4,Saturday,True,1071443,222587.42315789484,2643.3333333333335,2678.6075,361.0,386783
1401,265,Arjun,Delhi,Electronics,Mobile,1087,1086.0,5,2,0.9990800367985281,217.4,Low,260267,Gain,2023,5,Sunday,True,1072530,223673.42315789484,2004.3333333333333,2674.638403990025,438.0,387870
1402,226,Sneha,Lucknow,Electronics,Mobile,2321,261.0,2,2,0.11245152951314089,1160.5,Medium,184606,Gain,2023,6,Monday,False,1074851,223934.42315789484,1687.3333333333333,2673.758706467662,291.0,390191
1403,201,Neha,Pune,Clothing,Table,1485,1020.0,4,2,0.6868686868686869,371.25,Low,215210,Gain,2023,7,Tuesday,False,1076336,224954.42315789484,1631.0,2670.8089330024814,383.0,329332
1404,289,Neha,Lucknow,Furniture,Mobile,4579,-160.0,1,2,-0.03494212710198733,4579.0,High,215210,Loss,2023,8,Wednesday,False,1080915,224794.42315789484,2795.0,2675.5321782178216,37.0,361392
1405,216,Neha,Mumbai,Clothing,Chair,3848,441.0,2,2,0.1146049896049896,1924.0,High,215210,Gain,2023,9,Thursday,False,1084763,225235.42315789484,3304.0,2678.427160493827,114.0,333180
1406,232,Neha,Delhi,Clothing,Table,4331,-118.0,1,2,-0.02724543985222812,4331.0,High,215210,Loss,2023,10,Friday,False,1089094,225117.42315789484,4252.666666666667,2682.497536945813,64.0,337511
1407,208,Amit,Mumbai,Furniture,Mobile,1741,503.0,4,2,0.28891441700172316,435.25,Medium,237606,Gain,2023,11,Saturday,True,1090835,225620.42315789484,3306.6666666666665,2680.184275184275,356.0,363133
1408,242,Neha,Lucknow,Electronics,Table,689,1056.0,4,2,1.532656023222061,172.25,Low,215210,Gain,2023,12,Sunday,True,1091524,226676.42315789484,2253.6666666666665,2675.3039215686276,486.0,390880
1409,247,Sneha,Pune,Electronics,T-shirt,1480,-201.0,7,2,-0.1358108108108108,211.42857142857142,Low,184606,Loss,2023,13,Monday,False,1093004,226475.42315789484,1303.3333333333333,2672.3814180929094,384.0,392360
1410,238,Priya,Delhi,Clothing,Chair,2198,-362.0,9,2,-0.16469517743403095,244.22222222222223,Medium,204364,Loss,2023,14,Tuesday,False,1095202,226113.42315789484,1455.6666666666667,2671.2243902439022,307.0,339709
1411,292,Priya,Delhi,Electronics,Mobile,2215,-142.0,9,2,-0.06410835214446953,246.11111111111111,Medium,204364,Loss,2023,15,Wednesday,False,1097417,225971.42315789484,1964.3333333333333,2670.1143552311437,306.0,394575
1412,241,Amit,Delhi,Clothing,T-shirt,3093,335.0,5,2,0.10830908503071451,618.6,Medium,237606,Gain,2023,16,Thursday,False,1100510,226306.42315789484,2502.0,2671.140776699029,186.0,342802
1413,225,Neha,Delhi,Clothing,T-shirt,4636,1022.0,1,2,0.22044866264020707,4636.0,High,215210,Gain,2023,17,Friday,False,1105146,227328.42315789484,3314.6666666666665,2675.898305084746,31.0,347438
1414,298,Neha,Delhi,Furniture,Table,4933,908.0,1,2,0.1840664909791202,4933.0,High,215210,Gain,2023,18,Saturday,True,1110079,228236.42315789484,4220.666666666667,2681.350241545894,4.0,368066
1415,249,Neha,Pune,Furniture,T-shirt,1598,1127.0,6,2,0.7052565707133918,266.3333333333333,Medium,215210,Gain,2023,19,Sunday,True,1111677,229363.42315789484,3722.3333333333335,2678.7397590361447,369.0,369664
1416,224,Arjun,Lucknow,Furniture,Chair,2826,1482.0,2,2,0.524416135881104,1413.0,Medium,260267,Gain,2023,20,Monday,False,1114503,230845.42315789484,3119.0,2679.09375,224.0,372490
1417,223,Ravi,Mumbai,Clothing,Chair,3747,803.0,8,2,0.21430477715505739,468.375,High,230889,Gain,2023,21,Tuesday,False,1118250,231648.42315789484,2723.6666666666665,2681.654676258993,124.0,351185
1418,212,Arjun,Delhi,Furniture,Laptop,1395,1160.0,9,2,0.8315412186379928,155.0,Low,260267,Gain,2023,22,Wednesday,False,1119645,232808.42315789484,2656.0,2678.5765550239234,395.0,373885
1419,259,Ravi,Lucknow,Electronics,Chair,2174,-18.0,4,2,-0.00827966881324747,543.5,Medium,230889,Loss,2023,23,Thursday,False,1121819,232790.42315789484,2438.6666666666665,2677.3723150357996,310.5,396749
1420,206,Neha,Lucknow,Electronics,T-shirt,3409,408.0,5,2,0.11968319155177472,681.8,Medium,215210,Gain,2023,24,Friday,False,1125228,233198.42315789484,2326.0,2679.114285714286,156.0,400158
1421,256,Neha,Mumbai,Clothing,Chair,1430,634.0,8,2,0.4433566433566434,178.75,Low,215210,Gain,2023,25,Saturday,True,1126658,233832.42315789484,2337.6666666666665,2676.147268408551,391.0,352615
1422,235,Arjun,Pune,Clothing,Table,4884,365.0,3,2,0.07473382473382473,1628.0,High,260267,Gain,2023,26,Sunday,True,1131542,234197.42315789484,3241.0,2681.379146919431,7.0,357499
1423,244,Arjun,Bangalore,Furniture,Laptop,1223,-362.0,5,2,-0.29599345870809485,244.6,Low,260267,Loss,2023,27,Monday,False,1132765,233835.42315789484,2512.3333333333335,2677.9314420803785,412.0,375108
1424,219,Ravi,Bangalore,Clothing,T-shirt,3440,495.0,3,2,0.1438953488372093,1146.6666666666667,Medium,230889,Gain,2023,28,Tuesday,False,1136205,234330.42315789484,3182.3333333333335,2679.728773584906,154.0,360939
1425,264,Priya,Lucknow,Clothing,Laptop,1589,-66.0,3,3,-0.04153555695405916,529.6666666666666,Medium,204364,Loss,2023,1,Wednesday,False,1137794,234264.42315789484,2084.0,2677.1623529411763,371.0,362528
1426,207,Ravi,Mumbai,Electronics,T-shirt,1435,8.0,3,3,0.005574912891986063,478.3333333333333,Low,230889,Gain,2023,2,Thursday,False,1139229,234272.42315789484,2154.6666666666665,2674.2464788732395,388.5,401593
1427,215,Arjun,Bangalore,Electronics,Table,2795,-228.0,7,3,-0.0815742397137746,399.2857142857143,Medium,260267,Loss,2023,3,Friday,False,1142024,234044.42315789484,1939.6666666666667,2674.529274004684,231.0,404388
1428,213,Sneha,Lucknow,Furniture,Laptop,655,622.0,7,3,0.9496183206106871,93.57142857142857,Low,184606,Gain,2023,4,Saturday,True,1142679,234666.42315789484,1628.3333333333333,2669.8107476635514,489.0,375763
1429,275,Arjun,Pune,Clothing,Mobile,1570,1287.0,7,3,0.8197452229299363,224.28571428571428,Medium,260267,Gain,2023,5,Sunday,True,1144249,235953.42315789484,1673.3333333333333,2667.2470862470864,374.0,364098
1430,286,Sneha,Lucknow,Clothing,T-shirt,2458,1373.0,8,3,0.5585842148087876,307.25,Medium,184606,Gain,2023,6,Monday,False,1146707,237326.42315789484,1561.0,2666.760465116279,273.0,366556
1431,214,Amit,Lucknow,Electronics,Mobile,3001,-397.0,5,3,-0.13228923692102632,600.2,Medium,237606,Loss,2023,7,Tuesday,False,1149708,236929.42315789484,2343.0,2667.53596287703,203.0,407389
1432,291,Arjun,Lucknow,Clothing,Laptop,4719,737.0,5,3,0.1561771561771562,943.8,High,260267,Gain,2023,8,Wednesday,False,1154427,237666.42315789484,3392.6666666666665,2672.284722222222,25.0,371275
1433,297,Amit,Lucknow,Electronics,Mobile,4330,1284.0,4,3,0.29653579676674363,1082.5,High,237606,Gain,2023,9,Thursday,False,1158757,238950.42315789484,4016.6666666666665,2676.113163972286,65.0,411719
1434,265,Priya,Pune,Furniture,Mobile,1354,1187.0,7,3,0.8766617429837519,193.42857142857142,Low,204364,Gain,2023,10,Friday,False,1160111,240137.42315789484,3467.6666666666665,2673.0668202764978,401.0,377117
1435,231,Ravi,Delhi,Electronics,Laptop,1139,261.0,4,3,0.22914837576821773,284.75,Low,230889,Gain,2023,11,Saturday,True,1161250,240398.42315789484,2274.3333333333335,2669.5402298850577,429.0,412858
1436,286,Sneha,Mumbai,Clothing,Table,2738,558.8926315789473,2,3,0.20412440890392525,1369.0,Medium,184606,Gain,2023,12,Sunday,True,1163988,240957.3157894738,1743.6666666666667,2669.697247706422,243.0,374013
1437,262,Ravi,Delhi,Furniture,Mobile,2102,-336.0,4,3,-0.1598477640342531,525.5,Medium,230889,Loss,2023,13,Monday,False,1166090,240621.3157894738,1993.0,2668.3981693363844,321.0,379219
1438,285,Amit,Delhi,Electronics,Mobile,941,498.0,8,3,0.5292242295430393,117.625,Low,237606,Gain,2023,14,Tuesday,False,1167031,241119.3157894738,1927.0,2664.4543378995436,457.0,413799
1439,250,Sneha,Bangalore,Electronics,Table,1836,1376.0,9,3,0.7494553376906318,204.0,Medium,184606,Gain,2023,15,Wednesday,False,1168867,242495.3157894738,1626.3333333333333,2662.5671981776763,346.0,415635
1440,224,Ravi,Lucknow,Furniture,Mobile,4200,19.0,3,3,0.004523809523809524,1400.0,High,230889,Gain,2023,16,Thursday,False,1173067,242514.3157894738,2325.6666666666665,2666.0613636363637,76.0,383419
1441,257,Arjun,Pune,Furniture,Mobile,1448,807.0,7,3,0.5573204419889503,206.85714285714286,Low,260267,Gain,2023,17,Friday,False,1174515,243321.3157894738,2494.6666666666665,2663.299319727891,386.0,384867
1442,262,Neha,Delhi,Electronics,Mobile,3873,16.0,9,3,0.004131164471985541,430.3333333333333,High,215210,Gain,2023,18,Saturday,True,1178388,243337.3157894738,3173.6666666666665,2666.0361990950228,111.0,419508
1443,261,Amit,Pune,Clothing,Chair,959,156.0,4,3,0.16266944734098018,239.75,Low,237606,Gain,2023,19,Sunday,True,1179347,243493.3157894738,2093.3333333333335,2662.1828442437923,455.0,374972
1444,221,Ravi,Delhi,Electronics,Table,892,112.0,3,3,0.12556053811659193,297.3333333333333,Low,230889,Gain,2023,20,Monday,False,1180239,243605.3157894738,1908.0,2658.195945945946,463.0,420400
1445,257,Amit,Mumbai,Furniture,Mobile,4438,-337.0,5,3,-0.07593510590356016,887.6,High,237606,Loss,2023,21,Tuesday,False,1184677,243268.3157894738,2096.3333333333335,2662.1955056179777,52.0,389305
1446,257,Amit,Delhi,Electronics,Table,2287,1409.0,1,3,0.6160909488412768,2287.0,Medium,237606,Gain,2023,22,Wednesday,False,1186964,244677.3157894738,2539.0,2661.3542600896862,293.0,422687
1447,285,Sneha,Bangalore,Furniture,T-shirt,2757,1182.0,3,3,0.42872687704026113,919.0,Medium,184606,Gain,2023,23,Thursday,False,1189721,245859.3157894738,3160.6666666666665,2661.5682326621923,239.0,392062
1448,248,Sneha,Lucknow,Furniture,T-shirt,1638,-437.0,8,3,-0.2667887667887668,204.75,Medium,184606,Loss,2023,24,Friday,False,1191359,245422.3157894738,2227.3333333333335,2659.2834821428573,363.0,393700
1449,251,Neha,Mumbai,Clothing,Mobile,4308,614.0,8,3,0.1425255338904364,538.5,High,215210,Gain,2023,25,Saturday,True,1195667,246036.3157894738,2901.0,2662.955456570156,66.0,379280
1450,241,Arjun,Delhi,Furniture,Table,2954,640.0,4,3,0.2166553825321598,738.5,Medium,260267,Gain,2023,26,Sunday,True,1198621,246676.3157894738,2966.6666666666665,2663.6022222222223,210.0,396654
1451,269,Amit,Pune,Furniture,Table,1966,1389.0,2,3,0.7065106815869786,983.0,Medium,237606,Gain,2023,27,Monday,False,1200587,248065.3157894738,3076.0,2662.0554323725055,332.0,398620
1452,214,Ravi,Mumbai,Clothing,Table,4174,-234.0,8,3,-0.056061332055582176,521.75,High,230889,Loss,2023,28,Tuesday,False,1204761,247831.3157894738,3031.3333333333335,2665.400442477876,82.0,383454
1453,253,Priya,Mumbai,Furniture,Chair,1877,1345.0,8,3,0.7165689930740543,234.625,Medium,204364,Gain,2023,29,Wednesday,False,1206638,249176.3157894738,2672.3333333333335,2663.6600441501105,342.0,400497
1454,259,Amit,Delhi,Clothing,T-shirt,3097,1208.0,4,3,0.390054891830804,774.25,Medium,237606,Gain,2023,30,Thursday,False,1209735,250384.3157894738,3049.3333333333335,2664.614537444934,185.0,386551
1455,296,Amit,Mumbai,Clothing,Table,641,1082.0,3,3,1.68798751950078,213.66666666666666,Low,237606,Gain,2023,31,Friday,False,1210376,251466.3157894738,1871.6666666666667,2660.167032967033,491.0,387192
1456,207,Neha,Pune,Furniture,Table,3159,663.0,2,4,0.20987654320987653,1579.5,Medium,215210,Gain,2023,1,Saturday,True,1213535,252129.3157894738,2299.0,2661.2609649122805,175.5,403656
1457,252,Arjun,Mumbai,Furniture,Chair,1339,-255.0,9,4,-0.19044062733383121,148.77777777777777,Low,260267,Loss,2023,2,Sunday,True,1214874,251874.3157894738,1713.0,2658.36761487965,403.0,404995
1458,259,Priya,Pune,Electronics,Chair,4118,1184.0,1,4,0.2875182127246236,4118.0,High,204364,Gain,2023,3,Monday,False,1218992,253058.3157894738,2872.0,2661.5545851528386,90.0,426805
1459,204,Sneha,Delhi,Clothing,Table,4417,1281.0,7,4,0.2900158478605388,631.0,High,184606,Gain,2023,4,Tuesday,False,1223409,254339.3157894738,3291.3333333333335,2665.37908496732,55.0,391609
1460,267,Sneha,Lucknow,Electronics,Laptop,1095,-106.0,5,4,-0.09680365296803653,219.0,Low,184606,Loss,2023,5,Wednesday,False,1224504,254233.3157894738,3210.0,2661.965217391304,436.0,427900
1461,205,Ravi,Mumbai,Furniture,Table,2404,1010.0,8,4,0.42013311148086524,300.5,Medium,230889,Gain,2023,6,Thursday,False,1226908,255243.3157894738,2638.6666666666665,2661.405639913232,280.0,407399
1462,295,Priya,Lucknow,Electronics,Table,780,-25.0,4,4,-0.03205128205128205,195.0,Low,204364,Loss,2023,7,Friday,False,1227688,255218.3157894738,1426.3333333333333,2657.3333333333335,476.0,428680
1463,293,Sneha,Pune,Clothing,Chair,923,1040.0,7,4,1.1267605633802817,131.85714285714286,Low,184606,Gain,2023,8,Saturday,True,1228611,256258.3157894738,1369.0,2653.5874730021596,460.0,392532
1464,246,Ravi,Mumbai,Electronics,Chair,4865,476.0,5,4,0.09784172661870504,973.0,High,230889,Gain,2023,9,Sunday,True,1233476,256734.3157894738,2189.3333333333335,2658.353448275862,8.0,433545
1465,298,Arjun,Bangalore,Clothing,Table,4749,707.0,5,4,0.14887344704148242,949.8,High,260267,Gain,2023,10,Monday,False,1238225,257441.3157894738,3512.3333333333335,2662.8494623655915,24.0,397281
1466,254,Ravi,Lucknow,Furniture,Table,2250,543.0,9,4,0.24133333333333334,250.0,Medium,230889,Gain,2023,11,Tuesday,False,1240475,257984.3157894738,3954.6666666666665,2661.963519313305,299.0,409649
1467,239,Sneha,Mumbai,Furniture,Table,2467,1460.0,9,4,0.5918119173084718,274.1111111111111,Medium,184606,Gain,2023,12,Wednesday,False,1242942,259444.3157894738,3155.3333333333335,2661.5460385438973,272.0,412116
1468,251,Neha,Lucknow,Clothing,Chair,4588,57.0,9,4,0.012423714036617262,509.77777777777777,High,215210,Gain,2023,13,Thursday,False,1247530,259501.3157894738,3101.6666666666665,2665.662393162393,34.0,401869
1469,215,Neha,Mumbai,Furniture,Table,4678,517.0,6,4,0.11051731509191963,779.6666666666666,High,215210,Gain,2023,14,Friday,False,1252208,260018.3157894738,3911.0,2669.953091684435,29.0,416794
1470,212,Neha,Delhi,Furniture,Table,3446,1047.0,6,4,0.3038305281485781,574.3333333333334,Medium,215210,Gain,2023,15,Saturday,True,1255654,261065.3157894738,4237.333333333333,2671.604255319149,153.0,420240
1471,229,Sneha,Lucknow,Furniture,Mobile,1949,1105.0,5,4,0.5669574140584915,389.8,Medium,184606,Gain,2023,16,Sunday,True,1257603,262170.3157894738,3357.6666666666665,2670.0700636942674,335.0,422189
1472,218,Neha,Bangalore,Furniture,Laptop,2831,1052.0,9,4,0.37160014129282937,314.55555555555554,Medium,215210,Gain,2023,17,Monday,False,1260434,263222.3157894738,2742.0,2670.4110169491523,223.0,425020
1473,216,Priya,Bangalore,Clothing,T-shirt,2720,382.0,8,4,0.14044117647058824,340.0,Medium,204364,Gain,2023,18,Tuesday,False,1263154,263604.3157894738,2500.0,2670.5158562367865,245.0,404589
1474,262,Arjun,Pune,Electronics,Laptop,4289,-354.0,7,4,-0.08253672184658428,612.7142857142857,High,260267,Loss,2023,19,Wednesday,False,1267443,263250.3157894738,3280.0,2673.9303797468356,67.0,437834
1475,218,Ravi,Mumbai,Electronics,Mobile,3310,165.0,7,4,0.04984894259818731,472.85714285714283,Medium,230889,Gain,2023,20,Thursday,False,1270753,263415.3157894738,3439.6666666666665,2675.2694736842104,164.0,441144
1476,291,Ravi,Lucknow,Furniture,T-shirt,2031,827.0,6,4,0.4071885770556376,338.5,Medium,230889,Gain,2023,21,Friday,False,1272784,264242.3157894738,3210.0,2673.915966386555,328.0,427051
1477,257,Sneha,Pune,Electronics,Table,3490,119.0,5,4,0.034097421203438394,698.0,Medium,184606,Gain,2023,22,Saturday,True,1276274,264361.3157894738,2943.6666666666665,2675.6268343815514,145.0,444634
1478,254,Neha,Lucknow,Electronics,Mobile,4993,1271.0,4,4,0.2545563789305027,1248.25,High,215210,Gain,2023,23,Sunday,True,1281267,265632.3157894738,3504.6666666666665,2680.4748953974895,2.0,449627
1479,289,Neha,Mumbai,Furniture,Table,1643,319.0,3,4,0.19415702982349362,547.6666666666666,Medium,215210,Gain,2023,24,Monday,False,1282910,265951.3157894738,3375.3333333333335,2678.3089770354904,362.0,428694
1480,289,Amit,Bangalore,Furniture,Chair,1433,363.0,3,4,0.25331472435450103,477.6666666666667,Low,237606,Gain,2023,25,Tuesday,False,1284343,266314.3157894738,2689.6666666666665,2675.7145833333334,390.0,430127
1481,261,Arjun,Delhi,Electronics,Mobile,1960,81.0,6,4,0.0413265306122449,326.6666666666667,Medium,260267,Gain,2023,26,Wednesday,False,1286303,266395.3157894738,1678.6666666666667,2674.226611226611,333.0,451587
1482,222,Priya,Bangalore,Clothing,Chair,3223,522.0,4,4,0.16196090598820975,805.75,Medium,204364,Gain,2023,27,Thursday,False,1289526,266917.3157894738,2205.3333333333335,2675.3651452282156,170.0,407812
1483,208,Ravi,Pune,Furniture,Mobile,3012,194.0,6,4,0.06440903054448871,502.0,Medium,230889,Gain,2023,28,Friday,False,1292538,267111.3157894738,2731.6666666666665,2676.0621118012423,201.0,433139
1484,211,Amit,Delhi,Clothing,Mobile,785,1285.0,3,4,1.6369426751592357,261.6666666666667,Low,237606,Gain,2023,29,Saturday,True,1293323,268396.3157894738,2340.0,2672.154958677686,473.0,408597
1485,200,Amit,Pune,Electronics,Chair,764,751.0,4,4,0.9829842931937173,191.0,Low,237606,Gain,2023,30,Sunday,True,1294087,269147.3157894738,1520.3333333333333,2668.220618556701,478.5,452351
1486,257,Sneha,Mumbai,Furniture,T-shirt,2867,625.0,9,5,0.2179979072200907,318.55555555555554,Medium,184606,Gain,2023,1,Monday,False,1296954,269772.3157894738,1472.0,2668.6296296296296,219.0,436006
1487,200,Ravi,Delhi,Clothing,Laptop,3947,1110.0,5,5,0.28122624778312644,789.4,High,230889,Gain,2023,2,Tuesday,False,1300901,270882.3157894738,2526.0,2671.2546201232035,107.0,412544
1488,233,Sneha,Pune,Furniture,Table,2262,940.0,7,5,0.4155614500442087,323.14285714285717,Medium,184606,Gain,2023,3,Wednesday,False,1303163,271822.3157894738,3025.3333333333335,2670.4159836065573,296.0,438268
1489,295,Priya,Mumbai,Electronics,Mobile,3548,1481.0,2,5,0.41741826381059755,1774.0,High,204364,Gain,2023,4,Thursday,False,1306711,273303.3157894738,3252.3333333333335,2672.21063394683,139.5,455899
1490,247,Amit,Bangalore,Clothing,Table,2881,739.0,5,5,0.25650815688996875,576.2,Medium,237606,Gain,2023,5,Friday,False,1309592,274042.3157894738,2897.0,2672.6367346938778,217.0,415425
1491,288,Amit,Mumbai,Electronics,Chair,2769,-94.0,9,5,-0.033947273383893105,307.6666666666667,Medium,237606,Loss,2023,6,Saturday,True,1312361,273948.3157894738,3066.0,2672.8329938900206,237.0,458668
1492,200,Arjun,Lucknow,Electronics,Table,540,-102.0,3,5,-0.18888888888888888,180.0,Low,260267,Loss,2023,7,Sunday,True,1312901,273846.3157894738,2063.3333333333335,2668.4979674796746,497.0,459208
1493,215,Priya,Mumbai,Furniture,Chair,567,1446.0,9,5,2.5502645502645502,63.0,Low,204364,Gain,2023,8,Monday,False,1313468,275292.3157894738,1292.0,2664.235294117647,496.0,438835
1494,260,Amit,Mumbai,Clothing,Table,1487,214.0,6,5,0.14391392064559516,247.83333333333334,Low,237606,Gain,2023,9,Tuesday,False,1314955,275506.3157894738,864.6666666666666,2661.8522267206476,382.0,416912
1495,263,Priya,Lucknow,Electronics,Laptop,4508,203.0,4,5,0.04503105590062112,1127.0,High,204364,Gain,2023,10,Wednesday,False,1319463,275709.3157894738,2187.3333333333335,2665.581818181818,41.0,463716
1496,262,Ravi,Pune,Electronics,Laptop,3698,260.0,7,5,0.07030827474310439,528.2857142857143,High,230889,Gain,2023,11,Thursday,False,1323161,275969.3157894738,3231.0,2667.6633064516127,128.0,467414
1497,268,Neha,Pune,Clothing,Laptop,3024,-2.0,8,5,-0.0006613756613756613,378.0,Medium,215210,Loss,2023,12,Friday,False,1326185,275967.3157894738,3743.3333333333335,2668.3802816901407,199.0,419936
1498,221,Amit,Mumbai,Electronics,Laptop,1585,1277.0,6,5,0.8056782334384858,264.1666666666667,Medium,237606,Gain,2023,13,Saturday,True,1327770,277244.3157894738,2769.0,2666.2048192771085,372.0,468999
1499,292,Arjun,Lucknow,Electronics,Laptop,2979,988.0,5,5,0.3316549177576368,595.8,Medium,260267,Gain,2023,14,Sunday,True,1330749,278232.3157894738,2529.3333333333335,2666.831663326653,205.0,471978
1500,266,Ravi,Lucknow,Clothing,Laptop,2193,1214.0,6,5,0.5535795713634291,365.5,Medium,230889,Gain,2023,15,Monday,False,1332942,279446.3157894738,2252.3333333333335,2665.884,308.0,422129
